{"scores": {"Routine child vaccinations should be mandatory": {"1": {"(0.75,)": {"bert_score_p": 0.53066086769104, "bart_score_parabank_rs": 0.31439511582231844, "coverage_score": 0.4, "llm_coverage": 0.77, "llm_redundancy": 0.050000000000000044, "runtime": 20.10464}, "(0.775,)": {"bert_score_p": 0.40306586027145386, "bart_score_parabank_rs": 0.23581953692616894, "coverage_score": 0.8, "llm_coverage": 0.8, "llm_redundancy": 0.19999999999999996, "runtime": 24.77845}, "(0.8,)": {"bert_score_p": 0.42710861563682556, "bart_score_parabank_rs": 0.25810269746033543, "coverage_score": 0.8, "llm_coverage": 0.67, "llm_redundancy": 0.29999999999999993, "runtime": 27.83852}, "(0.8250000000000001,)": {"bert_score_p": 0.4412255883216858, "bart_score_parabank_rs": 0.2777847172307882, "coverage_score": 0.8, "llm_coverage": 0.8800000000000001, "llm_redundancy": 0.35, "runtime": 35.62455}, "(0.8500000000000001,)": {"bert_score_p": 0.5228756666183472, "bart_score_parabank_rs": 0.3460335224730627, "coverage_score": 0.6, "llm_coverage": 0.89, "llm_redundancy": 0.36, "runtime": 30.7235}, "(0.8750000000000001,)": {"bert_score_p": 0.4742661416530609, "bart_score_parabank_rs": 0.2942071165287491, "coverage_score": 0.8, "llm_coverage": 0.89, "llm_redundancy": 0.4, "runtime": 28.61932}, "(0.9000000000000001,)": {"bert_score_p": 0.41515517234802246, "bart_score_parabank_rs": 0.3727195510158531, "coverage_score": 0.8, "llm_coverage": 0.9199999999999999, "llm_redundancy": 0.4125, "runtime": 29.48942}, "(0.9250000000000002,)": {"bert_score_p": 0.5287600755691528, "bart_score_parabank_rs": 0.3178024813535726, "coverage_score": 0.6, "llm_coverage": 0.73, "llm_redundancy": 0.29999999999999993, "runtime": 23.25431}, "(0.9500000000000002,)": {"bert_score_p": 0.42201560735702515, "bart_score_parabank_rs": 0.283457340065606, "coverage_score": 0.8, "llm_coverage": 0.8, "llm_redundancy": 0.25, "runtime": 23.49088}}, "-1": {"(0.75,)": {"bert_score_p": 0.5425694584846497, "bart_score_parabank_rs": 0.3418913698929341, "coverage_score": 0.5, "llm_coverage": 1.0, "llm_redundancy": 0.5800000000000001, "runtime": 44.65415}, "(0.775,)": {"bert_score_p": 0.5453087091445923, "bart_score_parabank_rs": 0.36376707277943693, "coverage_score": 0.75, "llm_coverage": 0.975, "llm_redundancy": 0.4285714285714286, "runtime": 26.51184}, "(0.8,)": {"bert_score_p": 0.43364083766937256, "bart_score_parabank_rs": 0.2627891889717, "coverage_score": 0.25, "llm_coverage": 1.0, "llm_redundancy": 0.5866666666666667, "runtime": 43.32644}, "(0.8250000000000001,)": {"bert_score_p": 0.5054954290390015, "bart_score_parabank_rs": 0.41643049613811023, "coverage_score": 0.75, "llm_coverage": 0.875, "llm_redundancy": 0.4571428571428572, "runtime": 23.72814}, "(0.8500000000000001,)": {"bert_score_p": 0.5182504653930664, "bart_score_parabank_rs": 0.43254578874486754, "coverage_score": 0.75, "llm_coverage": 0.9625, "llm_redundancy": 0.44999999999999996, "runtime": 24.8194}, "(0.8750000000000001,)": {"bert_score_p": 0.41467010974884033, "bart_score_parabank_rs": 0.2799087408154207, "coverage_score": 0.25, "llm_coverage": 1.0, "llm_redundancy": 0.5083333333333333, "runtime": 27.87116}, "(0.9000000000000001,)": {"bert_score_p": 0.4410723149776459, "bart_score_parabank_rs": 0.267837636793812, "coverage_score": 0.5, "llm_coverage": 1.0, "llm_redundancy": 0.54, "runtime": 25.92237}, "(0.9250000000000002,)": {"bert_score_p": 0.3611659109592438, "bart_score_parabank_rs": 0.2663584259234362, "coverage_score": 0.75, "llm_coverage": 1.0, "llm_redundancy": 0.61875, "runtime": 47.59938}, "(0.9500000000000002,)": {"bert_score_p": 0.4318457543849945, "bart_score_parabank_rs": 0.2478828450492715, "coverage_score": 0.5, "llm_coverage": 1.0, "llm_redundancy": 0.5933333333333334, "runtime": 46.09123}}}, "Social media platforms should be regulated by the government": {"1": {"(0.75,)": {"bert_score_p": 0.5274004936218262, "bart_score_parabank_rs": 0.538873000358465, "coverage_score": 0.6, "llm_coverage": 0.53, "llm_redundancy": 0.0, "runtime": 20.67236}, "(0.775,)": {"bert_score_p": 0.5014280080795288, "bart_score_parabank_rs": 0.30521780024194717, "coverage_score": 0.8, "llm_coverage": 0.35, "llm_redundancy": 0.0, "runtime": 20.75058}, "(0.8,)": {"bert_score_p": 0.5932037234306335, "bart_score_parabank_rs": 0.41809633244000277, "coverage_score": 1.0, "llm_coverage": 0.8800000000000001, "llm_redundancy": 0.33333333333333337, "runtime": 25.14555}, "(0.8250000000000001,)": {"bert_score_p": 0.4954241216182709, "bart_score_parabank_rs": 0.2534892241096419, "coverage_score": 0.4, "llm_coverage": 0.27, "llm_redundancy": 0.0, "runtime": 21.65378}, "(0.8500000000000001,)": {"bert_score_p": 0.5069995522499084, "bart_score_parabank_rs": 0.3089154448259427, "coverage_score": 0.8, "llm_coverage": 0.5599999999999999, "llm_redundancy": 0.2333333333333334, "runtime": 24.04439}, "(0.8750000000000001,)": {"bert_score_p": 0.5932037234306335, "bart_score_parabank_rs": 0.4203187880980356, "coverage_score": 0.8, "llm_coverage": 0.7, "llm_redundancy": 0.4, "runtime": 26.29365}, "(0.9000000000000001,)": {"bert_score_p": 0.4893028736114502, "bart_score_parabank_rs": 0.42929666064943567, "coverage_score": 0.8, "llm_coverage": 0.76, "llm_redundancy": 0.25, "runtime": 23.76466}, "(0.9250000000000002,)": {"bert_score_p": 0.5443833470344543, "bart_score_parabank_rs": 0.4458668915221008, "coverage_score": 1.0, "llm_coverage": 0.89, "llm_redundancy": 0.3285714285714285, "runtime": 30.93357}, "(0.9500000000000002,)": {"bert_score_p": 0.562624454498291, "bart_score_parabank_rs": 0.44840469020706786, "coverage_score": 0.6, "llm_coverage": 0.82, "llm_redundancy": 0.3833333333333333, "runtime": 28.25223}}, "-1": {"(0.75,)": {"bert_score_p": 0.5522974133491516, "bart_score_parabank_rs": 0.33306889369863324, "coverage_score": 0.4, "llm_coverage": 0.5900000000000001, "llm_redundancy": 0.1333333333333333, "runtime": 23.2649}, "(0.775,)": {"bert_score_p": 0.6318219304084778, "bart_score_parabank_rs": 0.392329770438462, "coverage_score": 0.4, "llm_coverage": 0.72, "llm_redundancy": 0.3666666666666667, "runtime": 25.82057}, "(0.8,)": {"bert_score_p": 0.644314169883728, "bart_score_parabank_rs": 0.4772307423832534, "coverage_score": 0.8, "llm_coverage": 0.8300000000000001, "llm_redundancy": 0.36, "runtime": 22.86927}, "(0.8250000000000001,)": {"bert_score_p": 0.6222469210624695, "bart_score_parabank_rs": 0.42224995377611785, "coverage_score": 0.6, "llm_coverage": 0.76, "llm_redundancy": 0.25, "runtime": 23.43913}, "(0.8500000000000001,)": {"bert_score_p": 0.6263007521629333, "bart_score_parabank_rs": 0.46149116251267897, "coverage_score": 0.8, "llm_coverage": 0.8099999999999999, "llm_redundancy": 0.44285714285714284, "runtime": 25.17492}, "(0.8750000000000001,)": {"bert_score_p": 0.5730400085449219, "bart_score_parabank_rs": 0.556527081499098, "coverage_score": 0.6, "llm_coverage": 0.8699999999999999, "llm_redundancy": 0.375, "runtime": 26.53249}, "(0.9000000000000001,)": {"bert_score_p": 0.5138247609138489, "bart_score_parabank_rs": 0.3615432878193024, "coverage_score": 0.8, "llm_coverage": 0.8400000000000001, "llm_redundancy": 0.275, "runtime": 22.3518}, "(0.9250000000000002,)": {"bert_score_p": 0.5928219556808472, "bart_score_parabank_rs": 0.36650656594883496, "coverage_score": 0.4, "llm_coverage": 0.8400000000000001, "llm_redundancy": 0.4666666666666667, "runtime": 24.76286}, "(0.9500000000000002,)": {"bert_score_p": 0.6197171211242676, "bart_score_parabank_rs": 0.48301135968670295, "coverage_score": 0.6, "llm_coverage": 0.8300000000000001, "llm_redundancy": 0.41428571428571437, "runtime": 23.03518}}}, "The USA is a good country to live in": {"1": {"(0.75,)": {"bert_score_p": 0.4625494182109833, "bart_score_parabank_rs": 0.27878701849230736, "coverage_score": 0.42857142857142855, "llm_coverage": 0.5857142857142856, "llm_redundancy": 0.3666666666666667, "runtime": 27.10923}, "(0.775,)": {"bert_score_p": 0.43492916226387024, "bart_score_parabank_rs": 0.28562782381558194,