{"scores": {"Routine child vaccinations should be mandatory": {"1": {"(0.75,)": {"bert_score_p": 0.48937511444091797, "bart_score_parabank_rs": 0.35282365593586357, "coverage_score": 0.8, "llm_coverage": 0.8, "llm_redundancy": 0.0, "runtime": 8.19458}, "(0.775,)": {"bert_score_p": 0.6018115282058716, "bart_score_parabank_rs": 0.4132943720962169, "coverage_score": 0.6, "llm_coverage": 0.82, "llm_redundancy": 0.38, "runtime": 8.88539}, "(0.8,)": {"bert_score_p": 0.5443419814109802, "bart_score_parabank_rs": 0.36707171321512577, "coverage_score": 1.0, "llm_coverage": 0.8099999999999999, "llm_redundancy": 0.35, "runtime": 8.63085}, "(0.8250000000000001,)": {"bert_score_p": 0.5130811929702759, "bart_score_parabank_rs": 0.3404169196459264, "coverage_score": 0.8, "llm_coverage": 0.8, "llm_redundancy": 0.35, "runtime": 8.74963}, "(0.8500000000000001,)": {"bert_score_p": 0.5005307197570801, "bart_score_parabank_rs": 0.30062219927927714, "coverage_score": 1.0, "llm_coverage": 0.9400000000000001, "llm_redundancy": 0.45000000000000007, "runtime": 8.1023}, "(0.8750000000000001,)": {"bert_score_p": 0.4988481402397156, "bart_score_parabank_rs": 0.37783503717731265, "coverage_score": 0.8, "llm_coverage": 0.8400000000000001, "llm_redundancy": 0.4, "runtime": 8.68894}, "(0.9000000000000001,)": {"bert_score_p": 0.5397586822509766, "bart_score_parabank_rs": 0.3531844293108605, "coverage_score": 1.0, "llm_coverage": 0.9099999999999999, "llm_redundancy": 0.43333333333333335, "runtime": 8.09107}, "(0.9250000000000002,)": {"bert_score_p": 0.635041356086731, "bart_score_parabank_rs": 0.4768440613719226, "coverage_score": 1.0, "llm_coverage": 1.0, "llm_redundancy": 0.44285714285714284, "runtime": 8.75283}, "(0.9500000000000002,)": {"bert_score_p": 0.5734289884567261, "bart_score_parabank_rs": 0.4563762887821519, "coverage_score": 1.0, "llm_coverage": 0.9800000000000001, "llm_redundancy": 0.38749999999999996, "runtime": 15.83626}}, "-1": {"(0.75,)": {"bert_score_p": 0.37252116203308105, "bart_score_parabank_rs": 0.20864791503018432, "coverage_score": 0.25, "llm_coverage": 0.55, "llm_redundancy": 0.33333333333333337, "runtime": 8.00446}, "(0.775,)": {"bert_score_p": 0.5088651776313782, "bart_score_parabank_rs": 0.33227703160278055, "coverage_score": 0.75, "llm_coverage": 0.9125, "llm_redundancy": 0.4, "runtime": 8.61884}, "(0.8,)": {"bert_score_p": 0.5286517143249512, "bart_score_parabank_rs": 0.24532117977481954, "coverage_score": 0.25, "llm_coverage": 0.75, "llm_redundancy": 0.22499999999999998, "runtime": 8.05739}, "(0.8250000000000001,)": {"bert_score_p": 0.5130605697631836, "bart_score_parabank_rs": 0.24571208306774833, "coverage_score": 1.0, "llm_coverage": 0.925, "llm_redundancy": 0.41428571428571437, "runtime": 7.50508}, "(0.8500000000000001,)": {"bert_score_p": 0.5879513621330261, "bart_score_parabank_rs": 0.3785201286146299, "coverage_score": 0.75, "llm_coverage": 0.9, "llm_redundancy": 0.22499999999999998, "runtime": 9.37697}, "(0.8750000000000001,)": {"bert_score_p": 0.49829626083374023, "bart_score_parabank_rs": 0.23968413991567833, "coverage_score": 0.5, "llm_coverage": 0.9875, "llm_redundancy": 0.4555555555555555, "runtime": 9.68797}, "(0.9000000000000001,)": {"bert_score_p": 0.42349159717559814, "bart_score_parabank_rs": 0.1917878746606575, "coverage_score": 0.25, "llm_coverage": 0.7375, "llm_redundancy": 0.4833333333333333, "runtime": 8.16611}, "(0.9250000000000002,)": {"bert_score_p": 0.4612111449241638, "bart_score_parabank_rs": 0.3491339193772412, "coverage_score": 0.75, "llm_coverage": 1.0, "llm_redundancy": 0.4, "runtime": 8.78295}, "(0.9500000000000002,)": {"bert_score_p": 0.5893543362617493, "bart_score_parabank_rs": 0.3949923068249465, "coverage_score": 1.0, "llm_coverage": 1.0, "llm_redundancy": 0.48750000000000004, "runtime": 8.96883}}}, "Social media platforms should be regulated by the government": {"1": {"(0.75,)": {"bert_score_p": 0.5674236416816711, "bart_score_parabank_rs": 0.4611711184791047, "coverage_score": 0.6, "llm_coverage": 0.43, "llm_redundancy": 0.0, "runtime": 7.78151}, "(0.775,)": {"bert_score_p": 0.5274004936218262, "bart_score_parabank_rs": 0.538873000358465, "coverage_score": 0.6, "llm_coverage": 0.42000000000000004, "llm_redundancy": 0.0, "runtime": 8.05483}, "(0.8,)": {"bert_score_p": 0.47239771485328674, "bart_score_parabank_rs": 0.440941599612942, "coverage_score": 0.6, "llm_coverage": 0.58, "llm_redundancy": 0.0, "runtime": 7.83189}, "(0.8250000000000001,)": {"bert_score_p": 0.5718218684196472, "bart_score_parabank_rs": 0.30150421746338096, "coverage_score": 0.6, "llm_coverage": 0.51, "llm_redundancy": 0.0, "runtime": 8.19649}, "(0.8500000000000001,)": {"bert_score_p": 0.5807982683181763, "bart_score_parabank_rs": 0.35068008853713967, "coverage_score": 0.8, "llm_coverage": 0.74, "llm_redundancy": 0.35, "runtime": 8.72813}, "(0.8750000000000001,)": {"bert_score_p": 0.6086035966873169, "bart_score_parabank_rs": 0.4458708024562599, "coverage_score": 0.6, "llm_coverage": 0.7, "llm_redundancy": 0.4, "runtime": 8.35865}, "(0.9000000000000001,)": {"bert_score_p": 0.5345231294631958, "bart_score_parabank_rs": 0.5512346189819043, "coverage_score": 0.6, "llm_coverage": 0.82, "llm_redundancy": 0.4, "runtime": 7.90343}, "(0.9250000000000002,)": {"bert_score_p": 0.6727298498153687, "bart_score_parabank_rs": 0.5430907924960702, "coverage_score": 0.8, "llm_coverage": 0.9, "llm_redundancy": 0.4285714285714286, "runtime": 8.51973}, "(0.9500000000000002,)": {"bert_score_p": 0.5743170380592346, "bart_score_parabank_rs": 0.5472807525475021, "coverage_score": 0.6, "llm_coverage": 0.8, "llm_redundancy": 0.33333333333333337, "runtime": 8.40548}}, "-1": {"(0.75,)": {"bert_score_p": 0.5090082883834839, "bart_score_parabank_rs": 0.34052899502942063, "coverage_score": 0.6, "llm_coverage": 0.72, "llm_redundancy": 0.275, "runtime": 8.58338}, "(0.775,)": {"bert_score_p": 0.49413925409317017, "bart_score_parabank_rs": 0.4832522991827373, "coverage_score": 0.4, "llm_coverage": 0.61, "llm_redundancy": 0.2333333333333334, "runtime": 8.28933}, "(0.8,)": {"bert_score_p": 0.6163285374641418, "bart_score_parabank_rs": 0.40358459029500704, "coverage_score": 0.4, "llm_coverage": 0.71, "llm_redundancy": 0.033333333333333326, "runtime": 7.5823}, "(0.8250000000000001,)": {"bert_score_p": 0.5540159940719604, "bart_score_parabank_rs": 0.3808372991653034, "coverage_score": 0.6, "llm_coverage": 0.77, "llm_redundancy": 0.22499999999999998, "runtime": 8.51999}, "(0.8500000000000001,)": {"bert_score_p": 0.49342116713523865, "bart_score_parabank_rs": 0.43298407064599365, "coverage_score": 0.6, "llm_coverage": 0.76, "llm_redundancy": 0.3666666666666667, "runtime": 8.87284}, "(0.8750000000000001,)": {"bert_score_p": 0.5560808181762695, "bart_score_parabank_rs": 0.5850390119450981, "coverage_score": 0.6, "llm_coverage": 0.78, "llm_redundancy": 0.38, "runtime": 8.42987}, "(0.9000000000000001,)": {"bert_score_p": 0.5145264863967896, "bart_score_parabank_rs": 0.4815272073838302, "coverage_score": 0.6, "llm_coverage": 0.8099999999999999, "llm_redundancy": 0.4, "runtime": 8.34641}, "(0.9250000000000002,)": {"bert_score_p": 0.6269131898880005, "bart_score_parabank_rs": 0.48878949595403587, "coverage_score": 0.8, "llm_coverage": 0.93, "llm_redundancy": 0.475, "runtime": 9.36552}, "(0.9500000000000002,)": {"bert_score_p": 0.5962767004966736, "bart_score_parabank_rs": 0.4010654867221891, "coverage_score": 0.6, "llm_coverage": 0.9, "llm_redundancy": 0.4, "runtime": 8.16761}}}, "The USA is a good country to live in": {"1": {"(0.75,)": {"bert_score_p": 0.3790838420391083, "bart_score_parabank_rs": 0.18407614479043835, "coverage_score": 0.42857142857142855, "llm_coverage": 0.4428571428571429, "llm_redundancy": 0.0, "runtime": 7.88499}, "(0.775,)": {"bert_score_p": 0.40097999572753906, "bart_score_parabank_rs": 0.2221994882293196, "coverage_score": 0.42857142857142855, "llm_coverage": 0.75, "llm_redundancy": 0.2333333333333334, "runtime": 8.4537},