{"scores": {"Routine child vaccinations should be mandatory": {"1": {"(0.05,)": {}, "(0.075,)": {}, "(0.1,)": {}, "(0.125,)": {}, "(0.15,)": {}, "(0.175,)": {}, "(0.2,)": {}, "(0.225,)": {}, "(0.25,)": {}, "(0.275,)": {}, "(0.3,)": {}, "(0.325,)": {}, "(0.35,)": {}, "(0.375,)": {}, "(0.4,)": {}, "(0.425,)": {}, "(0.45,)": {}, "(0.475,)": {}, "(0.5,)": {}, "(0.525,)": {}, "(0.55,)": {"bert_score_p": -0.052059758454561234, "bart_score_parabank_rs": 0.19330910193793466, "coverage_score": 0.4, "llm_coverage": 0.0, "llm_redundancy": 0.5, "runtime": 1.641}, "(0.575,)": {"bert_score_p": -0.052059758454561234, "bart_score_parabank_rs": 0.19330910193793466, "coverage_score": 0.4, "llm_coverage": 0.0, "llm_redundancy": 0.5, "runtime": 1.665}, "(0.6,)": {"bert_score_p": 0.20771145820617676, "bart_score_parabank_rs": 0.23993951325725912, "coverage_score": 0.4, "llm_coverage": 0.47000000000000003, "llm_redundancy": 0.33333333333333337, "runtime": 1.77}, "(0.625,)": {"bert_score_p": 0.2077113687992096, "bart_score_parabank_rs": 0.25138997762558274, "coverage_score": 0.4, "llm_coverage": 0.5700000000000001, "llm_redundancy": 0.5, "runtime": 1.949}, "(0.65,)": {"bert_score_p": 0.12790913879871368, "bart_score_parabank_rs": 0.24534610781515803, "coverage_score": 0.4, "llm_coverage": 0.54, "llm_redundancy": 0.33333333333333337, "runtime": 1.695}, "(0.675,)": {"bert_score_p": 0.12790913879871368, "bart_score_parabank_rs": 0.24534610781515803, "coverage_score": 0.4, "llm_coverage": 0.48, "llm_redundancy": 0.33333333333333337, "runtime": 1.758}, "(0.7,)": {"bert_score_p": 0.26781418919563293, "bart_score_parabank_rs": 0.2627234599032416, "coverage_score": 0.2, "llm_coverage": 0.29, "llm_redundancy": 0.5, "runtime": 1.88}, "(0.725,)": {"bert_score_p": 0.3327900767326355, "bart_score_parabank_rs": 0.3169163368247844, "coverage_score": 0.4, "llm_coverage": 0.72, "llm_redundancy": 0.48, "runtime": 2.147}, "(0.75,)": {"bert_score_p": 0.34837788343429565, "bart_score_parabank_rs": 0.33795841259664505, "coverage_score": 0.4, "llm_coverage": 0.62, "llm_redundancy": 0.42000000000000004, "runtime": 2.193}, "(0.775,)": {}, "(0.8,)": {}, "(0.825,)": {}, "(0.85,)": {}, "(0.875,)": {}, "(0.9,)": {}, "(0.925,)": {}, "(0.95,)": {}}, "-1": {"(0.05,)": {}, "(0.075,)": {}, "(0.1,)": {}, "(0.125,)": {}, "(0.15,)": {}, "(0.175,)": {}, "(0.2,)": {}, "(0.225,)": {}, "(0.25,)": {}, "(0.275,)": {}, "(0.3,)": {}, "(0.325,)": {}, "(0.35,)": {}, "(0.375,)": {}, "(0.4,)": {}, "(0.425,)": {}, "(0.45,)": {"bert_score_p": 0.1537279188632965, "bart_score_parabank_rs": 0.195512449250838, "coverage_score": 0.25, "llm_coverage": 0.5375, "llm_redundancy": 0.050000000000000044, "runtime": 1.657}, "(0.475,)": {"bert_score_p": 0.23921746015548706, "bart_score_parabank_rs": 0.19551241197031266, "coverage_score": 0.25, "llm_coverage": 0.2875, "llm_redundancy": 0.30000000000000004, "runtime": 2.186}, "(0.5,)": {"bert_score_p": 0.23921746015548706, "bart_score_parabank_rs": 0.19551241197031266, "coverage_score": 0.25, "llm_coverage": 0.2875, "llm_redundancy": 0.25, "runtime": 2.225}, "(0.525,)": {"bert_score_p": 0.26186659932136536, "bart_score_parabank_rs": 0.216983134768956, "coverage_score": 0.25, "llm_coverage": 0.5375, "llm_redundancy": 0.4, "runtime": 2.326}, "(0.55,)": {"bert_score_p": 0.23921746015548706, "bart_score_parabank_rs": 0.2105144497315865, "coverage_score": 0.25, "llm_coverage": 0.6125, "llm_redundancy": 0.5, "runtime": 2.497}, "(0.575,)": {"bert_score_p": 0.23921746015548706, "bart_score_parabank_rs": 0.21732637813326378, "coverage_score": 0.25, "llm_coverage": 0.45, "llm_redundancy": 0.48571428571428565, "runtime": 2.656}, "(0.6,)": {"bert_score_p": 0.25177139043807983, "bart_score_parabank_rs": 0.2173264355113131, "coverage_score": 0.25, "llm_coverage": 0.4625, "llm_redundancy": 0.4375, "runtime": 2.788}, "(0.625,)": {"bert_score_p": 0.23921746015548706, "bart_score_parabank_rs": 0.2173264355113131, "coverage_score": 0.25, "llm_coverage": 0.5875, "llm_redundancy": 0.4666666666666667, "runtime": 2.444}, "(0.65,)": {"bert_score_p": 0.23921746015548706, "bart_score_parabank_rs": 0.2173264355113131, "coverage_score": 0.25, "llm_coverage": 0.5875, "llm_redundancy": 0.5, "runtime": 2.433}, "(0.675,)": {"bert_score_p": 0.23921746015548706, "bart_score_parabank_rs": 0.1856428332011432, "coverage_score": 0.25, "llm_coverage": 0.4625, "llm_redundancy": 0.44999999999999996, "runtime": 2.021}, "(0.7,)": {"bert_score_p": 0.27303022146224976, "bart_score_parabank_rs": 0.2423822270112341, "coverage_score": 0.25, "llm_coverage": 0.5875, "llm_redundancy": 0.5, "runtime": 2.488}, "(0.725,)": {}, "(0.75,)": {}, "(0.775,)": {}, "(0.8,)": {}, "(0.825,)": {}, "(0.85,)": {}, "(0.875,)": {}, "(0.9,)": {}, "(0.925,)": {}, "(0.95,)": {}}}, "Social media platforms should be regulated by the government": {"1": {"(0.05,)": {}, "(0.075,)": {}, "(0.1,)": {}, "(0.125,)": {}, "(0.15,)": {}, "(0.175,)": {}, "(0.2,)": {}, "(0.225,)": {}, "(0.25,)": {}, "(0.275,)": {}, "(0.3,)": {}, "(0.325,)": {}, "(0.35,)": {}, "(0.375,)": {}, "(0.4,)": {}, "(0.425,)": {}, "(0.45,)": {}, "(0.475,)": {}, "(0.5,)": {}, "(0.525,)": {}, "(0.55,)": {"bert_score_p": 0.12117262184619904, "bart_score_parabank_rs": 0.18955569181027876, "coverage_score": 0.0, "llm_coverage": 0.0, "llm_redundancy": 0.0, "runtime": 1.591}, "(0.575,)": {"bert_score_p": 0.12117262184619904, "bart_score_parabank_rs": 0.18955570270597633, "coverage_score": 0.0, "llm_coverage": 0.0, "llm_redundancy": 0.32499999999999996, "runtime": 2.019}, "(0.6,)": {"bert_score_p": 0.23864546418190002, "bart_score_parabank_rs": 0.20540049988725287, "coverage_score": 0.0, "llm_coverage": 0.02, "llm_redundancy": 0.5, "runtime": 2.459}, "(0.625,)": {"bert_score_p": 0.23970527946949005, "bart_score_parabank_rs": 0.20540044153557604, "coverage_score": 0.0, "llm_coverage": 0.01, "llm_redundancy": 0.5571428571428572, "runtime": 2.537}, "(0.65,)": {"bert_score_p": 0.23970527946949005, "bart_score_parabank_rs": 0.20983796957409676, "coverage_score": 0.0, "llm_coverage": 0.16, "llm_redundancy": 0.6, "runtime": 2.713}, "(0.675,)": {"bert_score_p": 0.1750592142343521, "bart_score_parabank_rs": 0.19211158990280855, "coverage_score": 0.0, "llm_coverage": 0.0, "llm_redundancy": 0.52, "runtime": 2.156}, "(0.7,)": {}, "(0.725,)": {}, "(0.75,)": {}, "(0.775,)": {}, "(0.8,)": {}, "(0.825,)": {}, "(0.85,)": {}, "(0.875,)": {}, "(0.9,)": {}, "(0.925,)": {}, "(0.95,)": {}}, "-1": {"(0.05,)": {}, "(0.075,)": {}, "(0.1,)": {}, "(0.125,)": {}, "(0.15,)": {}, "(0.175,)": {}, "(0.2,)": {}, "(0.225,)": {}, "(0.25,)": {}, "(0.275,)": {}, "(0.3,)": {}, "(0.325,)": {}, "(0.35,)": {}, "(0.375,)": {}, "(0.4,)": {}, "(0.425,)": {}, "(0.45,)": {}, "(0.475,)": {"bert_score_p": 0.33641567826271057, "bart_score_parabank_rs": 0.26529328368252936, "coverage_score": 0.2, "llm_coverage": 0.43, "llm_redundancy": 0.19999999999999996, "runtime": 1.607}, "(0.5,)": {"bert_score_p": 0.40815478563308716, "bart_score_parabank_rs": 0.2772599578565143, "coverage_score": 0.2, "llm_coverage": 0.27999999999999997, "llm_redundancy": 0.33333333333333337, "runtime": 1.824}, "(0.525,)": {"bert_score_p": 0.40815478563308716, "bart_score_parabank_rs": 0.2772599578565143, "coverage_score": 0.2, "llm_coverage": 0.24, "llm_redundancy": 0.29999999999999993, "runtime": 1.799}, "(0.55,)": {"bert_score_p": 0.40815481543540955, "bart_score_parabank_rs": 0.30047357041567313, "coverage_score": 0.2, "llm_coverage": 0.22999999999999998, "llm_redundancy": 0.4, "runtime": 2.12}, "(0.575,)": {"bert_score_p": 0.40815481543540955, "bart_score_parabank_rs": 0.30047357041567313, "coverage_score": 0.2, "llm_coverage": 0.33999999999999997, "llm_redundancy": 0.4, "runtime": 2.384}, "(0.6,)": {"bert_score_p": 0.40815481543540955, "bart_score_parabank_rs": 0.2962191859100315, "coverage_score": 0.2, "llm_coverage": 0.4, "llm_redundancy": 0.4, "runtime": 2.214}, "(0.625,)": {"bert_score_p": 0.3688945472240448, "bart_score_parabank_rs": 0.2851090704758696,