{"scores": {"Routine child vaccinations should be mandatory": {"1": {"(0.05,)": {}, "(0.075,)": {}, "(0.1,)": {}, "(0.125,)": {}, "(0.15,)": {}, "(0.175,)": {}, "(0.2,)": {}, "(0.225,)": {}, "(0.25,)": {}, "(0.275,)": {}, "(0.3,)": {}, "(0.325,)": {}, "(0.35,)": {}, "(0.375,)": {}, "(0.4,)": {}, "(0.425,)": {}, "(0.45,)": {}, "(0.475,)": {}, "(0.5,)": {}, "(0.525,)": {}, "(0.55,)": {}, "(0.575,)": {}, "(0.6,)": {}, "(0.625,)": {}, "(0.65,)": {}, "(0.675,)": {}, "(0.7,)": {}, "(0.725,)": {}, "(0.75,)": {}, "(0.775,)": {"bert_score_p": 0.5130535364151001, "bart_score_parabank_rs": 0.34169149873340643, "coverage_score": 0.4, "llm_coverage": 0.6799999999999999, "llm_redundancy": 0.0, "runtime": 2.522}, "(0.8,)": {"bert_score_p": 0.5457234978675842, "bart_score_parabank_rs": 0.3757680316022979, "coverage_score": 0.6, "llm_coverage": 0.8099999999999999, "llm_redundancy": 0.1333333333333333, "runtime": 2.952}, "(0.825,)": {"bert_score_p": 0.5736158490180969, "bart_score_parabank_rs": 0.4094015781941628, "coverage_score": 0.8, "llm_coverage": 0.82, "llm_redundancy": 0.25, "runtime": 3.641}, "(0.85,)": {"bert_score_p": 0.6191664338111877, "bart_score_parabank_rs": 0.5248168819968576, "coverage_score": 1.0, "llm_coverage": 0.8300000000000001, "llm_redundancy": 0.33333333333333337, "runtime": 3.095}, "(0.875,)": {"bert_score_p": 0.6060265302658081, "bart_score_parabank_rs": 0.5206627857678924, "coverage_score": 0.8, "llm_coverage": 0.8, "llm_redundancy": 0.25, "runtime": 3.5}, "(0.9,)": {"bert_score_p": 0.5841995477676392, "bart_score_parabank_rs": 0.49601359258748606, "coverage_score": 0.8, "llm_coverage": 0.82, "llm_redundancy": 0.33333333333333337, "runtime": 3.12}, "(0.925,)": {}, "(0.95,)": {}}, "-1": {"(0.05,)": {}, "(0.075,)": {}, "(0.1,)": {}, "(0.125,)": {}, "(0.15,)": {}, "(0.175,)": {}, "(0.2,)": {}, "(0.225,)": {}, "(0.25,)": {}, "(0.275,)": {}, "(0.3,)": {}, "(0.325,)": {}, "(0.35,)": {}, "(0.375,)": {}, "(0.4,)": {}, "(0.425,)": {}, "(0.45,)": {}, "(0.475,)": {}, "(0.5,)": {}, "(0.525,)": {}, "(0.55,)": {}, "(0.575,)": {}, "(0.6,)": {"bert_score_p": 0.4603240489959717, "bart_score_parabank_rs": 0.334702000758141, "coverage_score": 0.25, "llm_coverage": 0.675, "llm_redundancy": 0.0, "runtime": 2.776}, "(0.625,)": {"bert_score_p": 0.49245914816856384, "bart_score_parabank_rs": 0.34103569758187735, "coverage_score": 0.25, "llm_coverage": 0.6125, "llm_redundancy": 0.0, "runtime": 2.716}, "(0.65,)": {"bert_score_p": 0.5171840190887451, "bart_score_parabank_rs": 0.3654575486253373, "coverage_score": 0.5, "llm_coverage": 0.7125, "llm_redundancy": 0.29999999999999993, "runtime": 3.181}, "(0.675,)": {"bert_score_p": 0.49540141224861145, "bart_score_parabank_rs": 0.3628093360206004, "coverage_score": 0.5, "llm_coverage": 0.8125, "llm_redundancy": 0.1333333333333333, "runtime": 3.118}, "(0.7,)": {"bert_score_p": 0.5664268732070923, "bart_score_parabank_rs": 0.3871417089348978, "coverage_score": 0.5, "llm_coverage": 0.7625, "llm_redundancy": 0.20000000000000007, "runtime": 3.23}, "(0.725,)": {"bert_score_p": 0.5763925909996033, "bart_score_parabank_rs": 0.4082124670906543, "coverage_score": 0.75, "llm_coverage": 0.8375, "llm_redundancy": 0.4, "runtime": 4.465}, "(0.75,)": {"bert_score_p": 0.528483510017395, "bart_score_parabank_rs": 0.35528544544630575, "coverage_score": 0.5, "llm_coverage": 0.9375, "llm_redundancy": 0.41428571428571437, "runtime": 6.006}, "(0.775,)": {"bert_score_p": 0.5520572662353516, "bart_score_parabank_rs": 0.38026881003998303, "coverage_score": 0.5, "llm_coverage": 0.975, "llm_redundancy": 0.4285714285714286, "runtime": 5.542}, "(0.8,)": {"bert_score_p": 0.5472722053527832, "bart_score_parabank_rs": 0.4173012635095077, "coverage_score": 0.75, "llm_coverage": 1.0, "llm_redundancy": 0.475, "runtime": 6.961}, "(0.825,)": {"bert_score_p": 0.5611855983734131, "bart_score_parabank_rs": 0.4070013738048565, "coverage_score": 0.5, "llm_coverage": 1.0, "llm_redundancy": 0.42500000000000004, "runtime": 6.208}, "(0.85,)": {"bert_score_p": 0.5366092920303345, "bart_score_parabank_rs": 0.388903142900318, "coverage_score": 0.5, "llm_coverage": 1.0, "llm_redundancy": 0.41428571428571437, "runtime": 5.693}, "(0.875,)": {"bert_score_p": 0.5289421081542969, "bart_score_parabank_rs": 0.4012897161023077, "coverage_score": 0.5, "llm_coverage": 0.8625, "llm_redundancy": 0.42000000000000004, "runtime": 4.474}, "(0.9,)": {}, "(0.925,)": {}, "(0.95,)": {}}}, "Social media platforms should be regulated by the government": {"1": {"(0.05,)": {}, "(0.075,)": {}, "(0.1,)": {}, "(0.125,)": {}, "(0.15,)": {}, "(0.175,)": {}, "(0.2,)": {}, "(0.225,)": {}, "(0.25,)": {}, "(0.275,)": {}, "(0.3,)": {}, "(0.325,)": {}, "(0.35,)": {}, "(0.375,)": {}, "(0.4,)": {}, "(0.425,)": {}, "(0.45,)": {}, "(0.475,)": {}, "(0.5,)": {}, "(0.525,)": {}, "(0.55,)": {}, "(0.575,)": {}, "(0.6,)": {}, "(0.625,)": {}, "(0.65,)": {}, "(0.675,)": {}, "(0.7,)": {}, "(0.725,)": {"bert_score_p": 0.6645163893699646, "bart_score_parabank_rs": 0.4079134501651751, "coverage_score": 0.6, "llm_coverage": 0.61, "llm_redundancy": 0.2333333333333334, "runtime": 3.458}, "(0.75,)": {"bert_score_p": 0.6095119714736938, "bart_score_parabank_rs": 0.5100930044241222, "coverage_score": 0.8, "llm_coverage": 0.72, "llm_redundancy": 0.33333333333333337, "runtime": 3.308}, "(0.775,)": {"bert_score_p": 0.6458096504211426, "bart_score_parabank_rs": 0.4410875462562857, "coverage_score": 0.8, "llm_coverage": 0.75, "llm_redundancy": 0.25, "runtime": 4.141}, "(0.8,)": {"bert_score_p": 0.651323676109314, "bart_score_parabank_rs": 0.46470313748935965, "coverage_score": 0.8, "llm_coverage": 0.78, "llm_redundancy": 0.25, "runtime": 3.92}, "(0.825,)": {"bert_score_p": 0.5980200171470642, "bart_score_parabank_rs": 0.47365071740165676, "coverage_score": 0.8, "llm_coverage": 0.8, "llm_redundancy": 0.43333333333333335, "runtime": 5.314}, "(0.85,)": {"bert_score_p": 0.6282755136489868, "bart_score_parabank_rs": 0.5074202998175481, "coverage_score": 1.0, "llm_coverage": 0.76, "llm_redundancy": 0.4, "runtime": 4.424}, "(0.875,)": {"bert_score_p": 0.594570517539978, "bart_score_parabank_rs": 0.4195393848170939, "coverage_score": 0.6, "llm_coverage": 0.67, "llm_redundancy": 0.25, "runtime": 3.911}, "(0.9,)": {}, "(0.925,)": {}, "(0.95,)": {}}, "-1": {"(0.05,)": {}, "(0.075,)": {}, "(0.1,)": {}, "(0.125,)": {}, "(0.15,)": {}, "(0.175,)": {}, "(0.2,)": {}, "(0.225,)": {}, "(0.25,)": {}, "(0.275,)": {}, "(0.3,)": {}, "(0.325,)": {}, "(0.35,)": {}, "(0.375,)": {}, "(0.4,)": {}, "(0.425,)": {}, "(0.45,)": {}, "(0.475,)": {}, "(0.5,)": {}, "(0.525,)": {}, "(0.55,)": {}, "(0.575,)": {}, "(0.6,)": {"bert_score_p": 0.5867396593093872, "bart_score_parabank_rs": 0.3242973801493738, "coverage_score": 0.4, "llm_coverage": 0.61, "llm_redundancy": 0.0, "runtime": 2.668}, "(0.625,)": {"bert_score_p": 0.539765477180481, "bart_score_parabank_rs": 0.3060429100279672, "coverage_score": 0.4, "llm_coverage": 0.61, "llm_redundancy": 0.0, "runtime": 2.898}, "(0.65,)": {"bert_score_p": 0.5867396593093872, "bart_score_parabank_rs": 0.3216939690099343, "coverage_score": 0.4, "llm_coverage": 0.6599999999999999, "llm_redundancy": 0.050000000000000044, "runtime": 2.869}, "(0.675,)": {"bert_score_p": 0.5519803166389465, "bart_score_parabank_rs": 0.33817767274469157, "coverage_score": 0.4, "llm_coverage": 0.52, "llm_redundancy": 0.0, "runtime": 2.768}, "(0.7,)": {"bert_score_p": 0.5825514793395996, "bart_score_parabank_rs": 0.3142384024432695, "coverage_score": 0.4, "llm_coverage": 0.63, "llm_redundancy": 0.0, "runtime": 2.7}, "(0.725,)": {"bert_score_p": 0.5867396593093872, "bart_score_parabank_rs": 0.32064661388876237, "coverage_score": 0.4, "llm_coverage": 0.64, "llm_redundancy": 0.050000000000000044, "runtime": 2.705}, "(0.75,)": {"bert_score_p": 0.5504559874534607, "bart_score_parabank_rs": 0.37986328166613037, "coverage_score": 0.4, "llm_coverage": 0.64, "llm_redundancy": 0.06666666666666676, "runtime": 3.445}, "(0.775,)": {"bert_score_p": 0.6262261271476746,