{"scores": {"Routine child vaccinations should be mandatory": {"1": {"(0.05,)": {}, "(0.075,)": {}, "(0.1,)": {}, "(0.125,)": {}, "(0.15,)": {}, "(0.175,)": {}, "(0.2,)": {}, "(0.225,)": {}, "(0.25,)": {}, "(0.275,)": {}, "(0.3,)": {}, "(0.325,)": {}, "(0.35,)": {}, "(0.375,)": {}, "(0.4,)": {}, "(0.425,)": {}, "(0.45,)": {}, "(0.475,)": {}, "(0.5,)": {}, "(0.525,)": {}, "(0.55,)": {}, "(0.575,)": {}, "(0.6,)": {}, "(0.625,)": {}, "(0.65,)": {}, "(0.675,)": {}, "(0.7,)": {}, "(0.725,)": {}, "(0.75,)": {}, "(0.775,)": {"bert_score_p": 0.560951292514801, "bart_score_parabank_rs": 0.3569045655500857, "coverage_score": 0.4, "llm_coverage": 0.75, "llm_redundancy": 0.0, "runtime": 2.218}, "(0.8,)": {"bert_score_p": 0.6073099374771118, "bart_score_parabank_rs": 0.43626559108519547, "coverage_score": 0.8, "llm_coverage": 0.78, "llm_redundancy": 0.0, "runtime": 2.382}, "(0.825,)": {"bert_score_p": 0.602496862411499, "bart_score_parabank_rs": 0.4121626613750097, "coverage_score": 0.8, "llm_coverage": 0.8099999999999999, "llm_redundancy": 0.25, "runtime": 2.702}, "(0.85,)": {"bert_score_p": 0.5388518571853638, "bart_score_parabank_rs": 0.37379943841008273, "coverage_score": 0.8, "llm_coverage": 0.8, "llm_redundancy": 0.0, "runtime": 2.45}, "(0.875,)": {"bert_score_p": 0.5859559774398804, "bart_score_parabank_rs": 0.4227697164404753, "coverage_score": 1.0, "llm_coverage": 0.8099999999999999, "llm_redundancy": 0.25, "runtime": 2.849}, "(0.9,)": {"bert_score_p": 0.5934700965881348, "bart_score_parabank_rs": 0.5054199365494024, "coverage_score": 0.8, "llm_coverage": 0.79, "llm_redundancy": 0.16666666666666663, "runtime": 2.232}, "(0.925,)": {}, "(0.95,)": {}}, "-1": {"(0.05,)": {}, "(0.075,)": {}, "(0.1,)": {}, "(0.125,)": {}, "(0.15,)": {}, "(0.175,)": {}, "(0.2,)": {}, "(0.225,)": {}, "(0.25,)": {}, "(0.275,)": {}, "(0.3,)": {}, "(0.325,)": {}, "(0.35,)": {}, "(0.375,)": {}, "(0.4,)": {}, "(0.425,)": {}, "(0.45,)": {}, "(0.475,)": {}, "(0.5,)": {}, "(0.525,)": {}, "(0.55,)": {}, "(0.575,)": {}, "(0.6,)": {"bert_score_p": 0.5014265775680542, "bart_score_parabank_rs": 0.317589479287891, "coverage_score": 0.5, "llm_coverage": 0.65, "llm_redundancy": 0.0, "runtime": 2.469}, "(0.625,)": {"bert_score_p": 0.5297133922576904, "bart_score_parabank_rs": 0.3942143602893167, "coverage_score": 0.25, "llm_coverage": 0.525, "llm_redundancy": 0.0, "runtime": 2.402}, "(0.65,)": {"bert_score_p": 0.5714789628982544, "bart_score_parabank_rs": 0.3808621379010662, "coverage_score": 0.5, "llm_coverage": 0.7125, "llm_redundancy": 0.29999999999999993, "runtime": 2.523}, "(0.675,)": {"bert_score_p": 0.5873138904571533, "bart_score_parabank_rs": 0.3722020799921897, "coverage_score": 0.5, "llm_coverage": 0.725, "llm_redundancy": 0.33333333333333337, "runtime": 2.61}, "(0.7,)": {"bert_score_p": 0.5333905220031738, "bart_score_parabank_rs": 0.31758400921197344, "coverage_score": 0.75, "llm_coverage": 0.65, "llm_redundancy": 0.2666666666666666, "runtime": 2.818}, "(0.725,)": {"bert_score_p": 0.5421637892723083, "bart_score_parabank_rs": 0.31748946399016503, "coverage_score": 0.5, "llm_coverage": 0.875, "llm_redundancy": 0.4, "runtime": 2.881}, "(0.75,)": {"bert_score_p": 0.4570014476776123, "bart_score_parabank_rs": 0.34009170833361857, "coverage_score": 0.5, "llm_coverage": 0.9375, "llm_redundancy": 0.37142857142857133, "runtime": 3.465}, "(0.775,)": {"bert_score_p": 0.5393308401107788, "bart_score_parabank_rs": 0.388159618708963, "coverage_score": 0.5, "llm_coverage": 0.9, "llm_redundancy": 0.4285714285714286, "runtime": 3.315}, "(0.8,)": {"bert_score_p": 0.46771156787872314, "bart_score_parabank_rs": 0.3228826015810087, "coverage_score": 0.75, "llm_coverage": 1.0, "llm_redundancy": 0.4, "runtime": 3.787}, "(0.825,)": {"bert_score_p": 0.48477959632873535, "bart_score_parabank_rs": 0.3614554661474373, "coverage_score": 0.5, "llm_coverage": 0.975, "llm_redundancy": 0.4125, "runtime": 3.647}, "(0.85,)": {"bert_score_p": 0.6548479795455933, "bart_score_parabank_rs": 0.399709591568968, "coverage_score": 0.75, "llm_coverage": 1.0, "llm_redundancy": 0.41428571428571437, "runtime": 3.263}, "(0.875,)": {"bert_score_p": 0.5348179936408997, "bart_score_parabank_rs": 0.3331073962140547, "coverage_score": 0.75, "llm_coverage": 0.8125, "llm_redundancy": 0.4, "runtime": 3.212}, "(0.9,)": {}, "(0.925,)": {}, "(0.95,)": {}}}, "Social media platforms should be regulated by the government": {"1": {"(0.05,)": {}, "(0.075,)": {}, "(0.1,)": {}, "(0.125,)": {}, "(0.15,)": {}, "(0.175,)": {}, "(0.2,)": {}, "(0.225,)": {}, "(0.25,)": {}, "(0.275,)": {}, "(0.3,)": {}, "(0.325,)": {}, "(0.35,)": {}, "(0.375,)": {}, "(0.4,)": {}, "(0.425,)": {}, "(0.45,)": {}, "(0.475,)": {}, "(0.5,)": {}, "(0.525,)": {}, "(0.55,)": {}, "(0.575,)": {}, "(0.6,)": {}, "(0.625,)": {}, "(0.65,)": {}, "(0.675,)": {}, "(0.7,)": {}, "(0.725,)": {"bert_score_p": 0.5428455471992493, "bart_score_parabank_rs": 0.3496439716517802, "coverage_score": 0.8, "llm_coverage": 0.64, "llm_redundancy": 0.06666666666666676, "runtime": 2.629}, "(0.75,)": {"bert_score_p": 0.6194603443145752, "bart_score_parabank_rs": 0.4010166118685775, "coverage_score": 0.6, "llm_coverage": 0.64, "llm_redundancy": 0.2333333333333334, "runtime": 2.65}, "(0.775,)": {"bert_score_p": 0.6560012102127075, "bart_score_parabank_rs": 0.4753912611652201, "coverage_score": 0.8, "llm_coverage": 0.79, "llm_redundancy": 0.25, "runtime": 2.738}, "(0.8,)": {"bert_score_p": 0.622620165348053, "bart_score_parabank_rs": 0.3502924165156451, "coverage_score": 0.8, "llm_coverage": 0.6599999999999999, "llm_redundancy": 0.25, "runtime": 2.856}, "(0.825,)": {"bert_score_p": 0.6028584241867065, "bart_score_parabank_rs": 0.42557052806170476, "coverage_score": 0.8, "llm_coverage": 0.85, "llm_redundancy": 0.43333333333333335, "runtime": 3.255}, "(0.85,)": {"bert_score_p": 0.6826400756835938, "bart_score_parabank_rs": 0.5287223441156286, "coverage_score": 1.0, "llm_coverage": 0.8300000000000001, "llm_redundancy": 0.3400000000000001, "runtime": 2.952}, "(0.875,)": {"bert_score_p": 0.638382077217102, "bart_score_parabank_rs": 0.4180743307129308, "coverage_score": 0.6, "llm_coverage": 0.6599999999999999, "llm_redundancy": 0.25, "runtime": 2.744}, "(0.9,)": {}, "(0.925,)": {}, "(0.95,)": {}}, "-1": {"(0.05,)": {}, "(0.075,)": {}, "(0.1,)": {}, "(0.125,)": {}, "(0.15,)": {}, "(0.175,)": {}, "(0.2,)": {}, "(0.225,)": {}, "(0.25,)": {}, "(0.275,)": {}, "(0.3,)": {}, "(0.325,)": {}, "(0.35,)": {}, "(0.375,)": {}, "(0.4,)": {}, "(0.425,)": {}, "(0.45,)": {}, "(0.475,)": {}, "(0.5,)": {}, "(0.525,)": {}, "(0.55,)": {}, "(0.575,)": {}, "(0.6,)": {"bert_score_p": 0.5731262564659119, "bart_score_parabank_rs": 0.4783841923474081, "coverage_score": 0.4, "llm_coverage": 0.65, "llm_redundancy": 0.0, "runtime": 2.462}, "(0.625,)": {"bert_score_p": 0.6137179732322693, "bart_score_parabank_rs": 0.4637633479449753, "coverage_score": 0.4, "llm_coverage": 0.55, "llm_redundancy": 0.0, "runtime": 2.419}, "(0.65,)": {"bert_score_p": 0.4803919792175293, "bart_score_parabank_rs": 0.34394504863465325, "coverage_score": 0.6, "llm_coverage": 0.6, "llm_redundancy": 0.0, "runtime": 2.432}, "(0.675,)": {"bert_score_p": 0.5732614398002625, "bart_score_parabank_rs": 0.4139644490295991, "coverage_score": 0.4, "llm_coverage": 0.58, "llm_redundancy": 0.0, "runtime": 2.374}, "(0.7,)": {"bert_score_p": 0.6210352778434753, "bart_score_parabank_rs": 0.49133665315739716, "coverage_score": 0.4, "llm_coverage": 0.47000000000000003, "llm_redundancy": 0.0, "runtime": 2.473}, "(0.725,)": {"bert_score_p": 0.5528199076652527, "bart_score_parabank_rs": 0.39194955917089225, "coverage_score": 0.6, "llm_coverage": 0.63, "llm_redundancy": 0.0, "runtime": 2.329}, "(0.75,)": {"bert_score_p": 0.47810810804367065, "bart_score_parabank_rs": 0.34176798167760486, "coverage_score": 0.4, "llm_coverage": 0.72, "llm_redundancy": 0.0, "runtime": 2.726}, "(0.775,)": {"bert_score_p": 0.6372032761573792, "bart_score_parabank_rs": 0.4212044151030618, "coverage_score": 0.6,