{"scores": {"Routine child vaccinations should be mandatory": {"1": {"(3, 2)": {"bert_score_p": 0.5137236714363098, "bart_score_parabank_rs": 0.35713061177373284, "coverage_score": 0.8, "llm_coverage": 0.79, "llm_redundancy": 0.16666666666666663, "runtime": 4.05451}, "(3, 3)": {"bert_score_p": 0.5840221643447876, "bart_score_parabank_rs": 0.38951754771269714, "coverage_score": 0.8, "llm_coverage": 0.79, "llm_redundancy": 0.33333333333333337, "runtime": 3.93307}, "(3, 4)": {"bert_score_p": 0.5038430094718933, "bart_score_parabank_rs": 0.3792142126283871, "coverage_score": 0.8, "llm_coverage": 0.74, "llm_redundancy": 0.09999999999999998, "runtime": 4.01639}, "(3, 5)": {"bert_score_p": 0.4962674081325531, "bart_score_parabank_rs": 0.36796656969378366, "coverage_score": 0.8, "llm_coverage": 0.8099999999999999, "llm_redundancy": 0.033333333333333326, "runtime": 6.20014}, "(3, 6)": {"bert_score_p": 0.578963041305542, "bart_score_parabank_rs": 0.3945711521066787, "coverage_score": 0.8, "llm_coverage": 0.82, "llm_redundancy": 0.29999999999999993, "runtime": 3.83543}, "(4, 2)": {"bert_score_p": 0.5710501670837402, "bart_score_parabank_rs": 0.38410370488243306, "coverage_score": 0.8, "llm_coverage": 0.8099999999999999, "llm_redundancy": 0.25, "runtime": 4.31753}, "(4, 3)": {"bert_score_p": 0.50318443775177, "bart_score_parabank_rs": 0.4221148124970668, "coverage_score": 0.8, "llm_coverage": 0.82, "llm_redundancy": 0.275, "runtime": 4.09669}, "(4, 4)": {"bert_score_p": 0.5654538869857788, "bart_score_parabank_rs": 0.37793423397541864, "coverage_score": 0.8, "llm_coverage": 0.8099999999999999, "llm_redundancy": 0.25, "runtime": 4.29331}, "(4, 5)": {"bert_score_p": 0.5836268663406372, "bart_score_parabank_rs": 0.4977851492208666, "coverage_score": 0.8, "llm_coverage": 0.96, "llm_redundancy": 0.4, "runtime": 5.70749}, "(4, 6)": {"bert_score_p": 0.5486881136894226, "bart_score_parabank_rs": 0.39462943176639304, "coverage_score": 0.6, "llm_coverage": 0.8099999999999999, "llm_redundancy": 0.275, "runtime": 4.05324}}, "-1": {"(3, 2)": {"bert_score_p": 0.5314068794250488, "bart_score_parabank_rs": 0.33578803027783644, "coverage_score": 0.5, "llm_coverage": 0.6875, "llm_redundancy": 0.33333333333333337, "runtime": 4.15507}, "(3, 3)": {"bert_score_p": 0.5506801605224609, "bart_score_parabank_rs": 0.36202231331406376, "coverage_score": 0.5, "llm_coverage": 0.65, "llm_redundancy": 0.33333333333333337, "runtime": 4.31542}, "(3, 4)": {"bert_score_p": 0.5801906585693359, "bart_score_parabank_rs": 0.3983716512701913, "coverage_score": 0.75, "llm_coverage": 0.9375, "llm_redundancy": 0.3833333333333333, "runtime": 4.54423}, "(3, 5)": {"bert_score_p": 0.5224671959877014, "bart_score_parabank_rs": 0.34164507236546443, "coverage_score": 0.5, "llm_coverage": 0.675, "llm_redundancy": 0.33333333333333337, "runtime": 4.13585}, "(3, 6)": {"bert_score_p": 0.5344198346138, "bart_score_parabank_rs": 0.31250367564769743, "coverage_score": 0.5, "llm_coverage": 0.775, "llm_redundancy": 0.33333333333333337, "runtime": 4.09983}, "(4, 2)": {"bert_score_p": 0.526963472366333, "bart_score_parabank_rs": 0.3680391519487362, "coverage_score": 0.75, "llm_coverage": 1.0, "llm_redundancy": 0.25, "runtime": 4.36928}, "(4, 3)": {"bert_score_p": 0.49603700637817383, "bart_score_parabank_rs": 0.3498329631419091, "coverage_score": 0.75, "llm_coverage": 0.8, "llm_redundancy": 0.4, "runtime": 4.51699}, "(4, 4)": {"bert_score_p": 0.5791722536087036, "bart_score_parabank_rs": 0.42941135973403166, "coverage_score": 0.75, "llm_coverage": 0.9875, "llm_redundancy": 0.475, "runtime": 5.32193}, "(4, 5)": {"bert_score_p": 0.44507479667663574, "bart_score_parabank_rs": 0.26868583149606845, "coverage_score": 0.75, "llm_coverage": 0.975, "llm_redundancy": 0.30000000000000004, "runtime": 4.43147}, "(4, 6)": {"bert_score_p": 0.6144863367080688, "bart_score_parabank_rs": 0.40545974243861854, "coverage_score": 0.75, "llm_coverage": 0.975, "llm_redundancy": 0.475, "runtime": 4.90283}}}, "Social media platforms should be regulated by the government": {"1": {"(3, 2)": {"bert_score_p": 0.5358802080154419, "bart_score_parabank_rs": 0.336249600623267, "coverage_score": 0.6, "llm_coverage": 0.63, "llm_redundancy": 0.0, "runtime": 6.1658}, "(3, 3)": {"bert_score_p": 0.5372394323348999, "bart_score_parabank_rs": 0.32002837317789756, "coverage_score": 0.6, "llm_coverage": 0.6599999999999999, "llm_redundancy": 0.0, "runtime": 4.31468}, "(3, 4)": {"bert_score_p": 0.5235930681228638, "bart_score_parabank_rs": 0.36541594877212014, "coverage_score": 0.8, "llm_coverage": 0.82, "llm_redundancy": 0.38, "runtime": 4.62555}, "(3, 5)": {"bert_score_p": 0.5894777178764343, "bart_score_parabank_rs": 0.4635228790545485, "coverage_score": 0.6, "llm_coverage": 0.64, "llm_redundancy": 0.06666666666666676, "runtime": 4.39538}, "(3, 6)": {"bert_score_p": 0.5418651700019836, "bart_score_parabank_rs": 0.3826237609628103, "coverage_score": 0.8, "llm_coverage": 0.79, "llm_redundancy": 0.44285714285714284, "runtime": 4.85027}, "(4, 2)": {"bert_score_p": 0.5574742555618286, "bart_score_parabank_rs": 0.5638554889710063, "coverage_score": 0.6, "llm_coverage": 0.76, "llm_redundancy": 0.25, "runtime": 4.49637}, "(4, 3)": {"bert_score_p": 0.5013511180877686, "bart_score_parabank_rs": 0.416846977923602, "coverage_score": 0.6, "llm_coverage": 0.71, "llm_redundancy": 0.25, "runtime": 4.42848}, "(4, 4)": {"bert_score_p": 0.6053817272186279, "bart_score_parabank_rs": 0.5018359431830557, "coverage_score": 0.6, "llm_coverage": 0.75, "llm_redundancy": 0.25, "runtime": 4.62858}, "(4, 5)": {"bert_score_p": 0.4547365605831146, "bart_score_parabank_rs": 0.3358469160401745, "coverage_score": 0.8, "llm_coverage": 0.8099999999999999, "llm_redundancy": 0.34285714285714286, "runtime": 4.88682}, "(4, 6)": {"bert_score_p": 0.5336922407150269, "bart_score_parabank_rs": 0.372401318718177, "coverage_score": 0.8, "llm_coverage": 0.8300000000000001, "llm_redundancy": 0.4, "runtime": 4.75041}}, "-1": {"(3, 2)": {"bert_score_p": 0.5867396593093872, "bart_score_parabank_rs": 0.4534821542095835, "coverage_score": 0.2, "llm_coverage": 0.6799999999999999, "llm_redundancy": 0.2666666666666666, "runtime": 4.19784}, "(3, 3)": {"bert_score_p": 0.6035096049308777, "bart_score_parabank_rs": 0.459946078033993, "coverage_score": 0.2, "llm_coverage": 0.5900000000000001, "llm_redundancy": 0.33333333333333337, "runtime": 4.36729}, "(3, 4)": {"bert_score_p": 0.6083613634109497, "bart_score_parabank_rs": 0.39401860392988386, "coverage_score": 0.6, "llm_coverage": 0.62, "llm_redundancy": 0.33333333333333337, "runtime": 4.18362}, "(3, 5)": {"bert_score_p": 0.6575273871421814, "bart_score_parabank_rs": 0.4604112578997482, "coverage_score": 0.4, "llm_coverage": 0.8400000000000001, "llm_redundancy": 0.4285714285714286, "runtime": 4.60568}, "(3, 6)": {"bert_score_p": 0.577655017375946, "bart_score_parabank_rs": 0.3943687409296047, "coverage_score": 0.4, "llm_coverage": 0.8300000000000001, "llm_redundancy": 0.4, "runtime": 4.1796}, "(4, 2)": {"bert_score_p": 0.6152967214584351, "bart_score_parabank_rs": 0.37847690921823796, "coverage_score": 0.6, "llm_coverage": 0.77, "llm_redundancy": 0.25, "runtime": 4.52527}, "(4, 3)": {"bert_score_p": 0.5753287672996521, "bart_score_parabank_rs": 0.3699607163736334, "coverage_score": 0.6, "llm_coverage": 0.82, "llm_redundancy": 0.25, "runtime": 4.36392}, "(4, 4)": {"bert_score_p": 0.6384249925613403, "bart_score_parabank_rs": 0.4451390781751262, "coverage_score": 0.4, "llm_coverage": 0.9, "llm_redundancy": 0.375, "runtime": 5.64278}, "(4, 5)": {"bert_score_p": 0.720342755317688, "bart_score_parabank_rs": 0.5284015420726923, "coverage_score": 0.4, "llm_coverage": 0.73, "llm_redundancy": 0.25, "runtime": 4.6826}, "(4, 6)": {"bert_score_p": 0.5101962089538574, "bart_score_parabank_rs": 0.38337269198122687, "coverage_score": 0.4, "llm_coverage": 0.8099999999999999, "llm_redundancy": 0.25, "runtime": 4.45652}}},