{"scores": {"Routine child vaccinations should be mandatory": {"1": {"(3, 2)": {"bert_score_p": 0.4944887161254883, "bart_score_parabank_rs": 0.37035062913189787, "coverage_score": 0.8, "llm_coverage": 0.8, "llm_redundancy": 0.06666666666666676, "runtime": 3.53803}, "(3, 3)": {"bert_score_p": 0.5665857195854187, "bart_score_parabank_rs": 0.41052146976614967, "coverage_score": 0.8, "llm_coverage": 0.8, "llm_redundancy": 0.29999999999999993, "runtime": 3.38825}, "(3, 4)": {"bert_score_p": 0.5027039647102356, "bart_score_parabank_rs": 0.3341154891672527, "coverage_score": 0.6, "llm_coverage": 0.74, "llm_redundancy": 0.0, "runtime": 3.77835}, "(3, 5)": {"bert_score_p": 0.5654538869857788, "bart_score_parabank_rs": 0.35281408534390624, "coverage_score": 0.8, "llm_coverage": 0.74, "llm_redundancy": 0.033333333333333326, "runtime": 4.18777}, "(3, 6)": {"bert_score_p": 0.5432600378990173, "bart_score_parabank_rs": 0.36438413503928047, "coverage_score": 0.8, "llm_coverage": 0.76, "llm_redundancy": 0.1333333333333333, "runtime": 3.66325}, "(4, 2)": {"bert_score_p": 0.590550422668457, "bart_score_parabank_rs": 0.3928854818280736, "coverage_score": 0.8, "llm_coverage": 0.8, "llm_redundancy": 0.25, "runtime": 4.22063}, "(4, 3)": {"bert_score_p": 0.5169304609298706, "bart_score_parabank_rs": 0.40960629947361704, "coverage_score": 0.8, "llm_coverage": 0.8, "llm_redundancy": 0.25, "runtime": 4.6089}, "(4, 4)": {"bert_score_p": 0.5913361310958862, "bart_score_parabank_rs": 0.470140226159342, "coverage_score": 1.0, "llm_coverage": 0.82, "llm_redundancy": 0.25, "runtime": 4.22088}, "(4, 5)": {"bert_score_p": 0.6011000871658325, "bart_score_parabank_rs": 0.43639158874406636, "coverage_score": 0.8, "llm_coverage": 0.8, "llm_redundancy": 0.275, "runtime": 4.68369}, "(4, 6)": {"bert_score_p": 0.595812976360321, "bart_score_parabank_rs": 0.42637656141621616, "coverage_score": 0.8, "llm_coverage": 1.0, "llm_redundancy": 0.43333333333333335, "runtime": 6.19623}}, "-1": {"(3, 2)": {"bert_score_p": 0.5792056322097778, "bart_score_parabank_rs": 0.3623569895806749, "coverage_score": 0.5, "llm_coverage": 0.725, "llm_redundancy": 0.33333333333333337, "runtime": 4.44655}, "(3, 3)": {"bert_score_p": 0.5091132521629333, "bart_score_parabank_rs": 0.2942894353892406, "coverage_score": 0.5, "llm_coverage": 0.7, "llm_redundancy": 0.33333333333333337, "runtime": 3.98282}, "(3, 4)": {"bert_score_p": 0.5960052013397217, "bart_score_parabank_rs": 0.40451748498492573, "coverage_score": 0.75, "llm_coverage": 0.975, "llm_redundancy": 0.44285714285714284, "runtime": 7.85661}, "(3, 5)": {"bert_score_p": 0.6249510645866394, "bart_score_parabank_rs": 0.39421667915307357, "coverage_score": 0.75, "llm_coverage": 0.9875, "llm_redundancy": 0.4285714285714286, "runtime": 7.70512}, "(3, 6)": {"bert_score_p": 0.5314068794250488, "bart_score_parabank_rs": 0.33578803027783644, "coverage_score": 0.5, "llm_coverage": 0.7625, "llm_redundancy": 0.33333333333333337, "runtime": 4.26446}, "(4, 2)": {"bert_score_p": 0.5526774525642395, "bart_score_parabank_rs": 0.33371215700762386, "coverage_score": 0.75, "llm_coverage": 0.9, "llm_redundancy": 0.25, "runtime": 5.39334}, "(4, 3)": {"bert_score_p": 0.5240119695663452, "bart_score_parabank_rs": 0.3819187305747272, "coverage_score": 0.75, "llm_coverage": 0.975, "llm_redundancy": 0.35, "runtime": 7.13668}, "(4, 4)": {"bert_score_p": 0.516062319278717, "bart_score_parabank_rs": 0.39460534781298395, "coverage_score": 0.75, "llm_coverage": 0.975, "llm_redundancy": 0.4285714285714286, "runtime": 8.1593}, "(4, 5)": {"bert_score_p": 0.6319393515586853, "bart_score_parabank_rs": 0.4121327604222231, "coverage_score": 0.75, "llm_coverage": 0.975, "llm_redundancy": 0.4444444444444444, "runtime": 10.72787}, "(4, 6)": {"bert_score_p": 0.5128282308578491, "bart_score_parabank_rs": 0.32489348771115995, "coverage_score": 0.5, "llm_coverage": 0.8, "llm_redundancy": 0.35, "runtime": 5.00488}}}, "Social media platforms should be regulated by the government": {"1": {"(3, 2)": {"bert_score_p": 0.6748820543289185, "bart_score_parabank_rs": 0.46780907465173216, "coverage_score": 0.8, "llm_coverage": 0.8, "llm_redundancy": 0.38, "runtime": 5.53659}, "(3, 3)": {"bert_score_p": 0.6091189980506897, "bart_score_parabank_rs": 0.4235937116077991, "coverage_score": 0.6, "llm_coverage": 0.61, "llm_redundancy": 0.033333333333333326, "runtime": 3.42738}, "(3, 4)": {"bert_score_p": 0.5505900979042053, "bart_score_parabank_rs": 0.32234484364638394, "coverage_score": 0.6, "llm_coverage": 0.54, "llm_redundancy": 0.0, "runtime": 3.44702}, "(3, 5)": {"bert_score_p": 0.5892623662948608, "bart_score_parabank_rs": 0.36556340547025257, "coverage_score": 0.6, "llm_coverage": 0.61, "llm_redundancy": 0.0, "runtime": 4.75886}, "(3, 6)": {"bert_score_p": 0.5457166433334351, "bart_score_parabank_rs": 0.3495696103568768, "coverage_score": 0.6, "llm_coverage": 0.5700000000000001, "llm_redundancy": 0.033333333333333326, "runtime": 3.4472}, "(4, 2)": {"bert_score_p": 0.55097496509552, "bart_score_parabank_rs": 0.3640500823611025, "coverage_score": 0.6, "llm_coverage": 0.7, "llm_redundancy": 0.4, "runtime": 5.14096}, "(4, 3)": {"bert_score_p": 0.5670725107192993, "bart_score_parabank_rs": 0.3595036893408913, "coverage_score": 0.6, "llm_coverage": 0.73, "llm_redundancy": 0.25, "runtime": 4.51929}, "(4, 4)": {"bert_score_p": 0.466136634349823, "bart_score_parabank_rs": 0.35840157859838684, "coverage_score": 0.8, "llm_coverage": 0.79, "llm_redundancy": 0.25, "runtime": 4.26743}, "(4, 5)": {"bert_score_p": 0.5153713226318359, "bart_score_parabank_rs": 0.3461080678830057, "coverage_score": 0.6, "llm_coverage": 0.6599999999999999, "llm_redundancy": 0.25, "runtime": 4.29369}, "(4, 6)": {"bert_score_p": 0.5576820969581604, "bart_score_parabank_rs": 0.3484476700830634, "coverage_score": 0.6, "llm_coverage": 0.6900000000000001, "llm_redundancy": 0.38, "runtime": 5.12403}}, "-1": {"(3, 2)": {"bert_score_p": 0.620937705039978, "bart_score_parabank_rs": 0.39134386423175216, "coverage_score": 0.6, "llm_coverage": 0.63, "llm_redundancy": 0.2666666666666666, "runtime": 4.15841}, "(3, 3)": {"bert_score_p": 0.6081963777542114, "bart_score_parabank_rs": 0.3900215276567573, "coverage_score": 0.4, "llm_coverage": 0.6, "llm_redundancy": 0.033333333333333326, "runtime": 3.61529}, "(3, 4)": {"bert_score_p": 0.6154412031173706, "bart_score_parabank_rs": 0.4104991065738835, "coverage_score": 0.6, "llm_coverage": 0.72, "llm_redundancy": 0.033333333333333326, "runtime": 3.82694}, "(3, 5)": {"bert_score_p": 0.6205965280532837, "bart_score_parabank_rs": 0.435864960924345, "coverage_score": 0.6, "llm_coverage": 0.89, "llm_redundancy": 0.3400000000000001, "runtime": 5.53186}, "(3, 6)": {"bert_score_p": 0.5895966291427612, "bart_score_parabank_rs": 0.354251707644176, "coverage_score": 0.2, "llm_coverage": 0.5700000000000001, "llm_redundancy": 0.33333333333333337, "runtime": 3.67615}, "(4, 2)": {"bert_score_p": 0.6135815382003784, "bart_score_parabank_rs": 0.39903156101770315, "coverage_score": 0.6, "llm_coverage": 0.71, "llm_redundancy": 0.25, "runtime": 4.44142}, "(4, 3)": {"bert_score_p": 0.572387158870697, "bart_score_parabank_rs": 0.37237143648299237, "coverage_score": 0.4, "llm_coverage": 0.82, "llm_redundancy": 0.35, "runtime": 6.22438}, "(4, 4)": {"bert_score_p": 0.6179476380348206, "bart_score_parabank_rs": 0.5194162220538133, "coverage_score": 0.4, "llm_coverage": 0.79, "llm_redundancy": 0.25, "runtime": 4.4165}, "(4, 5)": {"bert_score_p": 0.6388548612594604, "bart_score_parabank_rs": 0.4328185377952318, "coverage_score": 0.6, "llm_coverage": 0.8, "llm_redundancy": 0.275, "runtime": 5.08046}, "(4, 6)": {"bert_score_p": 0.6001549959182739, "bart_score_parabank_rs": 0.48726807554919993, "coverage_score": 0.6, "llm_coverage": 0.8, "llm_redundancy": 0.25, "runtime": 4.44729}}}, "The USA is a good country to live in": {"1": {"(3, 2)": {"bert_score_p": 0.337420254945755, "bart_score_parabank_rs": 0.28701529632541145,