{"scores": {"abortion": {"1": {"(3, 2)": {"bert_score_p": 0.610967755317688, "bart_score_parabank_rs": 0.6102409875152319, "coverage_score": 0.25, "llm_coverage": 0.65625, "llm_redundancy": 0.4, "runtime": 7.03431}, "(3, 3)": {"bert_score_p": 0.6145544648170471, "bart_score_parabank_rs": 0.6224668682082051, "coverage_score": 0.25, "llm_coverage": 0.8, "llm_redundancy": 0.4, "runtime": 6.60746}, "(3, 4)": {"bert_score_p": 0.6120529174804688, "bart_score_parabank_rs": 0.6093692065264671, "coverage_score": 0.5, "llm_coverage": 0.8125, "llm_redundancy": 0.4, "runtime": 7.24354}, "(3, 5)": {"bert_score_p": 0.602362871170044, "bart_score_parabank_rs": 0.6476943509479891, "coverage_score": 0.375, "llm_coverage": 0.8375, "llm_redundancy": 0.37142857142857133, "runtime": 7.35626}, "(3, 6)": {"bert_score_p": 0.5683278441429138, "bart_score_parabank_rs": 0.5515162497547644, "coverage_score": 0.125, "llm_coverage": 0.64375, "llm_redundancy": 0.33333333333333337, "runtime": 6.4965}, "(4, 2)": {"bert_score_p": 0.5054547786712646, "bart_score_parabank_rs": 0.5844069144566149, "coverage_score": 0.25, "llm_coverage": 0.56875, "llm_redundancy": 0.32499999999999996, "runtime": 6.70031}, "(4, 3)": {"bert_score_p": 0.5391905903816223, "bart_score_parabank_rs": 0.6295284181269488, "coverage_score": 0.625, "llm_coverage": 0.78125, "llm_redundancy": 0.41428571428571437, "runtime": 7.82019}, "(4, 4)": {"bert_score_p": 0.5579619407653809, "bart_score_parabank_rs": 0.6363862488450023, "coverage_score": 0.5, "llm_coverage": 0.85, "llm_redundancy": 0.36250000000000004, "runtime": 7.00921}, "(4, 5)": {"bert_score_p": 0.5276128053665161, "bart_score_parabank_rs": 0.6430286301709951, "coverage_score": 0.5, "llm_coverage": 0.89375, "llm_redundancy": 0.3555555555555556, "runtime": 7.56592}, "(4, 6)": {"bert_score_p": 0.568327784538269, "bart_score_parabank_rs": 0.5877181798547401, "coverage_score": 0.25, "llm_coverage": 0.65625, "llm_redundancy": 0.275, "runtime": 6.7508}}, "-1": {"(3, 2)": {"bert_score_p": 0.4822165071964264, "bart_score_parabank_rs": 0.6285470701445647, "coverage_score": 0.4, "llm_coverage": 0.71, "llm_redundancy": 0.033333333333333326, "runtime": 5.64604}, "(3, 3)": {"bert_score_p": 0.4822165071964264, "bart_score_parabank_rs": 0.6285470701445647, "coverage_score": 0.4, "llm_coverage": 0.72, "llm_redundancy": 0.033333333333333326, "runtime": 5.90387}, "(3, 4)": {"bert_score_p": 0.5250536203384399, "bart_score_parabank_rs": 0.650999915675283, "coverage_score": 0.4, "llm_coverage": 0.8800000000000001, "llm_redundancy": 0.36, "runtime": 6.05071}, "(3, 5)": {"bert_score_p": 0.4822165071964264, "bart_score_parabank_rs": 0.6285473362617019, "coverage_score": 0.4, "llm_coverage": 0.78, "llm_redundancy": 0.25, "runtime": 6.22974}, "(3, 6)": {"bert_score_p": 0.48841506242752075, "bart_score_parabank_rs": 0.6306441257656573, "coverage_score": 0.4, "llm_coverage": 0.6799999999999999, "llm_redundancy": 0.33333333333333337, "runtime": 6.26218}, "(4, 2)": {"bert_score_p": 0.4822165071964264, "bart_score_parabank_rs": 0.6285473362617019, "coverage_score": 0.4, "llm_coverage": 0.75, "llm_redundancy": 0.25, "runtime": 5.93128}, "(4, 3)": {"bert_score_p": 0.5180255174636841, "bart_score_parabank_rs": 0.6731232697249622, "coverage_score": 0.4, "llm_coverage": 0.75, "llm_redundancy": 0.25, "runtime": 6.55212}, "(4, 4)": {"bert_score_p": 0.5780773162841797, "bart_score_parabank_rs": 0.6833767828298282, "coverage_score": 0.4, "llm_coverage": 0.9, "llm_redundancy": 0.42500000000000004, "runtime": 7.11551}, "(4, 5)": {"bert_score_p": 0.4697543978691101, "bart_score_parabank_rs": 0.6311055132412813, "coverage_score": 0.4, "llm_coverage": 0.8, "llm_redundancy": 0.275, "runtime": 5.86823}, "(4, 6)": {"bert_score_p": 0.4822165071964264, "bart_score_parabank_rs": 0.6285473362617019, "coverage_score": 0.4, "llm_coverage": 0.8, "llm_redundancy": 0.25, "runtime": 6.15289}}}, "gayRights": {"1": {"(3, 2)": {"bert_score_p": 0.4564993977546692, "bart_score_parabank_rs": 0.6106535550442553, "coverage_score": 0.4, "llm_coverage": 0.64, "llm_redundancy": 0.0, "runtime": 7.1538}, "(3, 3)": {"bert_score_p": 0.5279266834259033, "bart_score_parabank_rs": 0.6666041428527852, "coverage_score": 0.4, "llm_coverage": 0.9800000000000001, "llm_redundancy": 0.4, "runtime": 7.86398}, "(3, 4)": {"bert_score_p": 0.5253245234489441, "bart_score_parabank_rs": 0.6357514655143592, "coverage_score": 0.6, "llm_coverage": 0.9800000000000001, "llm_redundancy": 0.35, "runtime": 7.46553}, "(3, 5)": {"bert_score_p": 0.5819095373153687, "bart_score_parabank_rs": 0.7006298961621098, "coverage_score": 0.6, "llm_coverage": 0.99, "llm_redundancy": 0.4, "runtime": 7.69622}, "(3, 6)": {"bert_score_p": 0.5190274119377136, "bart_score_parabank_rs": 0.6092489192915156, "coverage_score": 0.2, "llm_coverage": 0.71, "llm_redundancy": 0.2666666666666666, "runtime": 6.8198}, "(4, 2)": {"bert_score_p": 0.5310468077659607, "bart_score_parabank_rs": 0.6396795274155613, "coverage_score": 0.4, "llm_coverage": 0.8099999999999999, "llm_redundancy": 0.25, "runtime": 7.1077}, "(4, 3)": {"bert_score_p": 0.5107160210609436, "bart_score_parabank_rs": 0.6394361803352467, "coverage_score": 0.2, "llm_coverage": 0.8400000000000001, "llm_redundancy": 0.25, "runtime": 7.55953}, "(4, 4)": {"bert_score_p": 0.5636540651321411, "bart_score_parabank_rs": 0.6961321284055894, "coverage_score": 0.6, "llm_coverage": 0.97, "llm_redundancy": 0.4285714285714286, "runtime": 7.96157}, "(4, 5)": {"bert_score_p": 0.5298715829849243, "bart_score_parabank_rs": 0.6834281523807808, "coverage_score": 0.6, "llm_coverage": 0.99, "llm_redundancy": 0.375, "runtime": 8.55822}, "(4, 6)": {"bert_score_p": 0.5378184914588928, "bart_score_parabank_rs": 0.674938607406111, "coverage_score": 0.4, "llm_coverage": 0.93, "llm_redundancy": 0.4, "runtime": 7.80509}}, "-1": {"(3, 2)": {"bert_score_p": 0.4842801094055176, "bart_score_parabank_rs": 0.4338482726412024, "coverage_score": 0.5, "llm_coverage": 0.775, "llm_redundancy": 0.29999999999999993, "runtime": 4.71883}, "(3, 3)": {"bert_score_p": 0.5344625115394592, "bart_score_parabank_rs": 0.42838486741143394, "coverage_score": 0.5, "llm_coverage": 0.7375, "llm_redundancy": 0.16666666666666663, "runtime": 4.67029}, "(3, 4)": {"bert_score_p": 0.5114233493804932, "bart_score_parabank_rs": 0.4271990732202354, "coverage_score": 0.5, "llm_coverage": 0.75, "llm_redundancy": 0.29999999999999993, "runtime": 4.83141}, "(3, 5)": {"bert_score_p": 0.5234472751617432, "bart_score_parabank_rs": 0.4500235408183355, "coverage_score": 0.5, "llm_coverage": 0.9875, "llm_redundancy": 0.41428571428571437, "runtime": 6.60122}, "(3, 6)": {"bert_score_p": 0.5396713018417358, "bart_score_parabank_rs": 0.46506292817704165, "coverage_score": 0.25, "llm_coverage": 0.775, "llm_redundancy": 0.2333333333333334, "runtime": 4.59174}, "(4, 2)": {"bert_score_p": 0.5344625115394592, "bart_score_parabank_rs": 0.4405461864622843, "coverage_score": 1.0, "llm_coverage": 0.925, "llm_redundancy": 0.4, "runtime": 5.1137}, "(4, 3)": {"bert_score_p": 0.5006273984909058, "bart_score_parabank_rs": 0.4218543865396913, "coverage_score": 0.75, "llm_coverage": 0.9875, "llm_redundancy": 0.4, "runtime": 5.036}, "(4, 4)": {"bert_score_p": 0.5137054920196533, "bart_score_parabank_rs": 0.4523119167248237, "coverage_score": 1.0, "llm_coverage": 1.0, "llm_redundancy": 0.41428571428571437, "runtime": 5.58406}, "(4, 5)": {"bert_score_p": 0.4349656105041504, "bart_score_parabank_rs": 0.36586103176980034, "coverage_score": 0.25, "llm_coverage": 0.9875, "llm_redundancy": 0.25, "runtime": 4.90928}, "(4, 6)": {"bert_score_p": 0.5891150236129761, "bart_score_parabank_rs": 0.45518444160859467, "coverage_score": 0.5, "llm_coverage": 0.9875, "llm_redundancy": 0.35, "runtime": 5.10768}}}, "marijuana": {"1": {"(3, 2)": {"bert_score_p": 0.3943297564983368, "bart_score_parabank_rs": 0.2438899250153444, "coverage_score": 0.4, "llm_coverage": 0.7, "llm_redundancy": 0.0, "runtime": 7.93626},