{"scores": {"abortion": {"1": {"(0.75,)": {"bert_score_p": 0.6044659614562988, "bart_score_parabank_rs": 0.6112357894119407, "coverage_score": 0.25, "llm_coverage": 0.69375, "llm_redundancy": 0.4, "runtime": 12.0247}, "(0.775,)": {"bert_score_p": 0.6329494118690491, "bart_score_parabank_rs": 0.6402429678338479, "coverage_score": 0.5, "llm_coverage": 0.8375, "llm_redundancy": 0.41428571428571437, "runtime": 11.3597}, "(0.8,)": {"bert_score_p": 0.577767550945282, "bart_score_parabank_rs": 0.6425759291761164, "coverage_score": 0.5, "llm_coverage": 0.875, "llm_redundancy": 0.4818181818181818, "runtime": 18.73646}, "(0.8250000000000001,)": {"bert_score_p": 0.5822881460189819, "bart_score_parabank_rs": 0.6181964139234868, "coverage_score": 0.5, "llm_coverage": 0.825, "llm_redundancy": 0.43333333333333335, "runtime": 11.46426}, "(0.8500000000000001,)": {"bert_score_p": 0.5847069025039673, "bart_score_parabank_rs": 0.6093091201692128, "coverage_score": 0.5, "llm_coverage": 0.78125, "llm_redundancy": 0.33333333333333337, "runtime": 10.63607}, "(0.8750000000000001,)": {"bert_score_p": 0.5354235768318176, "bart_score_parabank_rs": 0.6230721224166459, "coverage_score": 0.375, "llm_coverage": 0.8125, "llm_redundancy": 0.38749999999999996, "runtime": 10.43543}, "(0.9000000000000001,)": {"bert_score_p": 0.596910834312439, "bart_score_parabank_rs": 0.6416987495564334, "coverage_score": 0.25, "llm_coverage": 0.83125, "llm_redundancy": 0.45000000000000007, "runtime": 10.66156}, "(0.9250000000000002,)": {"bert_score_p": 0.5979853868484497, "bart_score_parabank_rs": 0.6398635164179992, "coverage_score": 0.375, "llm_coverage": 0.8125, "llm_redundancy": 0.38749999999999996, "runtime": 11.2638}, "(0.9500000000000002,)": {"bert_score_p": 0.6329471468925476, "bart_score_parabank_rs": 0.6648090631815713, "coverage_score": 0.625, "llm_coverage": 0.85, "llm_redundancy": 0.4444444444444444, "runtime": 12.53422}}, "-1": {"(0.75,)": {"bert_score_p": 0.4178546965122223, "bart_score_parabank_rs": 0.5121333273170435, "coverage_score": 0.0, "llm_coverage": 0.67, "llm_redundancy": 0.1333333333333333, "runtime": 10.49267}, "(0.775,)": {"bert_score_p": 0.5183472633361816, "bart_score_parabank_rs": 0.5648591623001887, "coverage_score": 0.0, "llm_coverage": 0.8699999999999999, "llm_redundancy": 0.3833333333333333, "runtime": 9.85508}, "(0.8,)": {"bert_score_p": 0.49432259798049927, "bart_score_parabank_rs": 0.5598721492027919, "coverage_score": 0.4, "llm_coverage": 0.8699999999999999, "llm_redundancy": 0.4, "runtime": 9.69262}, "(0.8250000000000001,)": {"bert_score_p": 0.5306275486946106, "bart_score_parabank_rs": 0.5630475088862905, "coverage_score": 0.4, "llm_coverage": 0.8800000000000001, "llm_redundancy": 0.3833333333333333, "runtime": 9.59313}, "(0.8500000000000001,)": {"bert_score_p": 0.5146582126617432, "bart_score_parabank_rs": 0.6729928048678164, "coverage_score": 0.4, "llm_coverage": 0.86, "llm_redundancy": 0.4285714285714286, "runtime": 10.18839}, "(0.8750000000000001,)": {"bert_score_p": 0.49453005194664, "bart_score_parabank_rs": 0.5628760211078194, "coverage_score": 0.2, "llm_coverage": 0.8699999999999999, "llm_redundancy": 0.41428571428571437, "runtime": 10.69735}, "(0.9000000000000001,)": {"bert_score_p": 0.4712041914463043, "bart_score_parabank_rs": 0.5614738451452336, "coverage_score": 0.2, "llm_coverage": 0.9, "llm_redundancy": 0.4285714285714286, "runtime": 9.91366}, "(0.9250000000000002,)": {"bert_score_p": 0.6399474143981934, "bart_score_parabank_rs": 0.7593022528175009, "coverage_score": 0.6, "llm_coverage": 0.8800000000000001, "llm_redundancy": 0.48750000000000004, "runtime": 9.96519}, "(0.9500000000000002,)": {"bert_score_p": 0.6488237380981445, "bart_score_parabank_rs": 0.7489064096921809, "coverage_score": 0.4, "llm_coverage": 0.89, "llm_redundancy": 0.525, "runtime": 9.95817}}}, "gayRights": {"1": {"(0.75,)": {"bert_score_p": 0.5910308957099915, "bart_score_parabank_rs": 0.6543613665087701, "coverage_score": 0.4, "llm_coverage": 0.8, "llm_redundancy": 0.25, "runtime": 11.49012}, "(0.775,)": {"bert_score_p": 0.5332810878753662, "bart_score_parabank_rs": 0.6416233900880404, "coverage_score": 0.2, "llm_coverage": 0.8800000000000001, "llm_redundancy": 0.375, "runtime": 12.40684}, "(0.8,)": {"bert_score_p": 0.548336923122406, "bart_score_parabank_rs": 0.6598134376252522, "coverage_score": 0.4, "llm_coverage": 0.99, "llm_redundancy": 0.37142857142857133, "runtime": 10.63286}, "(0.8250000000000001,)": {"bert_score_p": 0.5810422897338867, "bart_score_parabank_rs": 0.7058373006916956, "coverage_score": 0.6, "llm_coverage": 1.0, "llm_redundancy": 0.41428571428571437, "runtime": 21.00322}, "(0.8500000000000001,)": {"bert_score_p": 0.5069923400878906, "bart_score_parabank_rs": 0.6057786554293966, "coverage_score": 0.4, "llm_coverage": 0.8699999999999999, "llm_redundancy": 0.36250000000000004, "runtime": 12.0072}, "(0.8750000000000001,)": {"bert_score_p": 0.5556832551956177, "bart_score_parabank_rs": 0.6859646398684571, "coverage_score": 0.4, "llm_coverage": 0.97, "llm_redundancy": 0.37142857142857133, "runtime": 11.55627}, "(0.9000000000000001,)": {"bert_score_p": 0.5814087986946106, "bart_score_parabank_rs": 0.6990837237294338, "coverage_score": 0.4, "llm_coverage": 0.99, "llm_redundancy": 0.44999999999999996, "runtime": 11.5214}, "(0.9250000000000002,)": {"bert_score_p": 0.6148471236228943, "bart_score_parabank_rs": 0.7391158743001793, "coverage_score": 0.4, "llm_coverage": 0.99, "llm_redundancy": 0.5263157894736843, "runtime": 20.21919}, "(0.9500000000000002,)": {"bert_score_p": 0.5954932570457458, "bart_score_parabank_rs": 0.6449033438718287, "coverage_score": 0.2, "llm_coverage": 0.93, "llm_redundancy": 0.4375, "runtime": 11.20293}}, "-1": {"(0.75,)": {"bert_score_p": 0.519919753074646, "bart_score_parabank_rs": 0.414745204572835, "coverage_score": 0.5, "llm_coverage": 0.8875, "llm_redundancy": 0.4666666666666667, "runtime": 9.36203}, "(0.775,)": {"bert_score_p": 0.553461492061615, "bart_score_parabank_rs": 0.44686745778023046, "coverage_score": 0.25, "llm_coverage": 1.0, "llm_redundancy": 0.4666666666666667, "runtime": 8.46198}, "(0.8,)": {"bert_score_p": 0.5406879186630249, "bart_score_parabank_rs": 0.48083997896861724, "coverage_score": 1.0, "llm_coverage": 1.0, "llm_redundancy": 0.375, "runtime": 9.37905}, "(0.8250000000000001,)": {"bert_score_p": 0.5596458911895752, "bart_score_parabank_rs": 0.44654552581238377, "coverage_score": 0.5, "llm_coverage": 0.9875, "llm_redundancy": 0.38749999999999996, "runtime": 8.80915}, "(0.8500000000000001,)": {"bert_score_p": 0.5588429570198059, "bart_score_parabank_rs": 0.458602158831679, "coverage_score": 0.5, "llm_coverage": 0.975, "llm_redundancy": 0.375, "runtime": 10.07367}, "(0.8750000000000001,)": {"bert_score_p": 0.5906843543052673, "bart_score_parabank_rs": 0.4339827231980971, "coverage_score": 0.25, "llm_coverage": 1.0, "llm_redundancy": 0.4375, "runtime": 8.22747}, "(0.9000000000000001,)": {"bert_score_p": 0.5652912855148315, "bart_score_parabank_rs": 0.49951076620724233, "coverage_score": 1.0, "llm_coverage": 1.0, "llm_redundancy": 0.375, "runtime": 9.28956}, "(0.9250000000000002,)": {"bert_score_p": 0.5635219812393188, "bart_score_parabank_rs": 0.4878703064787199, "coverage_score": 0.75, "llm_coverage": 0.9875, "llm_redundancy": 0.4285714285714286, "runtime": 9.15657}, "(0.9500000000000002,)": {"bert_score_p": 0.5396729111671448, "bart_score_parabank_rs": 0.4374195384957681, "coverage_score": 0.5, "llm_coverage": 0.9875, "llm_redundancy": 0.38749999999999996, "runtime": 9.12682}}}, "marijuana": {"1": {"(0.75,)": {"bert_score_p": 0.49390721321105957, "bart_score_parabank_rs": 0.32585437632592634, "coverage_score": 0.4, "llm_coverage": 0.79, "llm_redundancy": 0.3400000000000001, "runtime": 11.99225}, "(0.775,)": {"bert_score_p": 0.3861171305179596, "bart_score_parabank_rs": 0.3035559807055306, "coverage_score": 0.4, "llm_coverage": 0.77, "llm_redundancy": 0.32000000000000006, "runtime": 12.868},