{"scores": {"abortion": {"1": {"(0.75,)": {"bert_score_p": 0.5594078302383423, "bart_score_parabank_rs": 0.6551194260939556, "coverage_score": 0.75, "llm_coverage": 0.9, "llm_redundancy": 0.48, "runtime": 108.89252}, "(0.775,)": {"bert_score_p": 0.5809282660484314, "bart_score_parabank_rs": 0.6507338779196895, "coverage_score": 0.625, "llm_coverage": 0.9, "llm_redundancy": 0.42999999999999994, "runtime": 71.90815}, "(0.8,)": {"bert_score_p": 0.6633546352386475, "bart_score_parabank_rs": 0.6783778957373958, "coverage_score": 0.625, "llm_coverage": 0.8375, "llm_redundancy": 0.41428571428571437, "runtime": 59.88858}, "(0.8250000000000001,)": {"bert_score_p": 0.6016642451286316, "bart_score_parabank_rs": 0.6231404939053944, "coverage_score": 0.625, "llm_coverage": 0.825, "llm_redundancy": 0.42222222222222217, "runtime": 72.00488}, "(0.8500000000000001,)": {"bert_score_p": 0.5735458135604858, "bart_score_parabank_rs": 0.6521658512118912, "coverage_score": 0.875, "llm_coverage": 0.81875, "llm_redundancy": 0.43333333333333335, "runtime": 76.5247}, "(0.8750000000000001,)": {"bert_score_p": 0.5315122604370117, "bart_score_parabank_rs": 0.6345944723088961, "coverage_score": 0.625, "llm_coverage": 0.8625, "llm_redundancy": 0.36250000000000004, "runtime": 96.34746}, "(0.9000000000000001,)": {"bert_score_p": 0.6096011996269226, "bart_score_parabank_rs": 0.626806224512616, "coverage_score": 0.375, "llm_coverage": 0.74375, "llm_redundancy": 0.25, "runtime": 54.64177}, "(0.9250000000000002,)": {"bert_score_p": 0.538276195526123, "bart_score_parabank_rs": 0.6402534781880758, "coverage_score": 0.75, "llm_coverage": 0.8125, "llm_redundancy": 0.4625, "runtime": 67.5966}, "(0.9500000000000002,)": {"bert_score_p": 0.5978279709815979, "bart_score_parabank_rs": 0.6296628689787708, "coverage_score": 0.625, "llm_coverage": 0.8125, "llm_redundancy": 0.41428571428571437, "runtime": 90.91843}}, "-1": {"(0.75,)": {"bert_score_p": 0.5889630317687988, "bart_score_parabank_rs": 0.7643559510095651, "coverage_score": 0.6, "llm_coverage": 0.74, "llm_redundancy": 0.4, "runtime": 35.61969}, "(0.775,)": {"bert_score_p": 0.4651508927345276, "bart_score_parabank_rs": 0.5141026686734099, "coverage_score": 0.2, "llm_coverage": 0.8, "llm_redundancy": 0.4285714285714286, "runtime": 37.5138}, "(0.8,)": {"bert_score_p": 0.564344584941864, "bart_score_parabank_rs": 0.7219671566427017, "coverage_score": 0.4, "llm_coverage": 0.71, "llm_redundancy": 0.4285714285714286, "runtime": 38.1551}, "(0.8250000000000001,)": {"bert_score_p": 0.48753124475479126, "bart_score_parabank_rs": 0.5389511648738224, "coverage_score": 0.4, "llm_coverage": 0.76, "llm_redundancy": 0.19999999999999996, "runtime": 32.58126}, "(0.8500000000000001,)": {"bert_score_p": 0.692116916179657, "bart_score_parabank_rs": 0.7713933725661446, "coverage_score": 0.6, "llm_coverage": 0.82, "llm_redundancy": 0.475, "runtime": 60.54593}, "(0.8750000000000001,)": {"bert_score_p": 0.5896151065826416, "bart_score_parabank_rs": 0.7092586141534627, "coverage_score": 0.6, "llm_coverage": 0.71, "llm_redundancy": 0.5, "runtime": 50.20761}, "(0.9000000000000001,)": {"bert_score_p": 0.6709187626838684, "bart_score_parabank_rs": 0.7595089661960885, "coverage_score": 0.6, "llm_coverage": 0.95, "llm_redundancy": 0.45999999999999996, "runtime": 162.23526}, "(0.9250000000000002,)": {"bert_score_p": 0.5176757574081421, "bart_score_parabank_rs": 0.5409558227672501, "coverage_score": 0.2, "llm_coverage": 0.72, "llm_redundancy": 0.35, "runtime": 54.34305}, "(0.9500000000000002,)": {"bert_score_p": 0.6218023896217346, "bart_score_parabank_rs": 0.7679092512005559, "coverage_score": 0.6, "llm_coverage": 0.72, "llm_redundancy": 0.275, "runtime": 45.34582}}}, "gayRights": {"1": {"(0.75,)": {"bert_score_p": 0.543919026851654, "bart_score_parabank_rs": 0.622744740791651, "coverage_score": 0.4, "llm_coverage": 0.99, "llm_redundancy": 0.4125, "runtime": 75.41117}, "(0.775,)": {"bert_score_p": 0.4631081223487854, "bart_score_parabank_rs": 0.6004833856962932, "coverage_score": 0.4, "llm_coverage": 0.82, "llm_redundancy": 0.125, "runtime": 67.72527}, "(0.8,)": {"bert_score_p": 0.5000670552253723, "bart_score_parabank_rs": 0.6139968410310763, "coverage_score": 0.4, "llm_coverage": 1.0, "llm_redundancy": 0.4099999999999999, "runtime": 87.63879}, "(0.8250000000000001,)": {"bert_score_p": 0.5167655348777771, "bart_score_parabank_rs": 0.5773494435468308, "coverage_score": 0.2, "llm_coverage": 0.96, "llm_redundancy": 0.375, "runtime": 72.9932}, "(0.8500000000000001,)": {"bert_score_p": 0.5782544612884521, "bart_score_parabank_rs": 0.6584568193225555, "coverage_score": 0.4, "llm_coverage": 1.0, "llm_redundancy": 0.5461538461538461, "runtime": 134.9023}, "(0.8750000000000001,)": {"bert_score_p": 0.5623503923416138, "bart_score_parabank_rs": 0.6539617673614095, "coverage_score": 0.4, "llm_coverage": 1.0, "llm_redundancy": 0.5333333333333333, "runtime": 133.73206}, "(0.9000000000000001,)": {"bert_score_p": 0.47430258989334106, "bart_score_parabank_rs": 0.5845830611175584, "coverage_score": 0.6, "llm_coverage": 0.86, "llm_redundancy": 0.4, "runtime": 80.80212}, "(0.9250000000000002,)": {"bert_score_p": 0.5413485765457153, "bart_score_parabank_rs": 0.6215617110278295, "coverage_score": 0.6, "llm_coverage": 1.0, "llm_redundancy": 0.42000000000000004, "runtime": 138.91893}, "(0.9500000000000002,)": {"bert_score_p": 0.5552557706832886, "bart_score_parabank_rs": 0.6146448595721853, "coverage_score": 0.6, "llm_coverage": 1.0, "llm_redundancy": 0.44000000000000006, "runtime": 116.17324}}, "-1": {"(0.75,)": {"bert_score_p": 0.5406031608581543, "bart_score_parabank_rs": 0.47239706426492234, "coverage_score": 0.25, "llm_coverage": 0.9875, "llm_redundancy": 0.5714285714285714, "runtime": 61.99851}, "(0.775,)": {"bert_score_p": 0.543160080909729, "bart_score_parabank_rs": 0.45335874455916103, "coverage_score": 0.25, "llm_coverage": 1.0, "llm_redundancy": 0.47777777777777775, "runtime": 32.9859}, "(0.8,)": {"bert_score_p": 0.5662903189659119, "bart_score_parabank_rs": 0.4499985558870278, "coverage_score": 0.5, "llm_coverage": 1.0, "llm_redundancy": 0.38749999999999996, "runtime": 30.69234}, "(0.8250000000000001,)": {"bert_score_p": 0.5742039680480957, "bart_score_parabank_rs": 0.4604831086701546, "coverage_score": 1.0, "llm_coverage": 1.0, "llm_redundancy": 0.48750000000000004, "runtime": 31.13056}, "(0.8500000000000001,)": {"bert_score_p": 0.5388192534446716, "bart_score_parabank_rs": 0.4630314878060099, "coverage_score": 0.5, "llm_coverage": 0.9875, "llm_redundancy": 0.4555555555555555, "runtime": 31.35977}, "(0.8750000000000001,)": {"bert_score_p": 0.5748814940452576, "bart_score_parabank_rs": 0.4502655666586392, "coverage_score": 0.5, "llm_coverage": 0.9875, "llm_redundancy": 0.4444444444444444, "runtime": 35.62226}, "(0.9000000000000001,)": {"bert_score_p": 0.47837936878204346, "bart_score_parabank_rs": 0.41976924361723933, "coverage_score": 0.5, "llm_coverage": 1.0, "llm_redundancy": 0.44999999999999996, "runtime": 33.53776}, "(0.9250000000000002,)": {"bert_score_p": 0.5749849677085876, "bart_score_parabank_rs": 0.4151884211336975, "coverage_score": 0.5, "llm_coverage": 0.9, "llm_redundancy": 0.475, "runtime": 32.86351}, "(0.9500000000000002,)": {"bert_score_p": 0.5487375259399414, "bart_score_parabank_rs": 0.5249389058091485, "coverage_score": 1.0, "llm_coverage": 1.0, "llm_redundancy": 0.4111111111111111, "runtime": 32.57875}}}, "marijuana": {"1": {"(0.75,)": {"bert_score_p": 0.47277626395225525, "bart_score_parabank_rs": 0.3005955214509385, "coverage_score": 0.4, "llm_coverage": 0.97, "llm_redundancy": 0.42999999999999994, "runtime": 85.28499}, "(0.775,)": {"bert_score_p": 0.4727233946323395, "bart_score_parabank_rs": 0.290671438908924, "coverage_score": 0.0, "llm_coverage": 1.0, "llm_redundancy": 0.4181818181818181, "runtime": 96.35331}, "(0.8,)": {"bert_score_p": 0.48761314153671265, "bart_score_parabank_rs": 0.34327772233993226, "coverage_score": 0.8, "llm_coverage": 0.99,