{"scores": {"abortion": {"1": {"(3, 2)": {"bert_score_p": 0.5531826019287109, "bart_score_parabank_rs": 0.5680476550906706, "coverage_score": 0.125, "llm_coverage": 0.61875, "llm_redundancy": 0.6000000000000001, "runtime": 9.90201}, "(3, 3)": {"bert_score_p": 0.5152599811553955, "bart_score_parabank_rs": 0.5450952162029759, "coverage_score": 0.125, "llm_coverage": 0.69375, "llm_redundancy": 0.09999999999999998, "runtime": 9.80874}, "(3, 4)": {"bert_score_p": 0.5563331842422485, "bart_score_parabank_rs": 0.6080690411856406, "coverage_score": 0.375, "llm_coverage": 0.8625, "llm_redundancy": 0.41428571428571437, "runtime": 20.90135}, "(3, 5)": {"bert_score_p": 0.44548118114471436, "bart_score_parabank_rs": 0.5293796759443052, "coverage_score": 0.25, "llm_coverage": 0.76875, "llm_redundancy": 0.4, "runtime": 15.2922}, "(3, 6)": {"bert_score_p": 0.7058102488517761, "bart_score_parabank_rs": 0.6783428315582198, "coverage_score": 0.625, "llm_coverage": 0.9125, "llm_redundancy": 0.4444444444444444, "runtime": 26.32315}, "(4, 2)": {"bert_score_p": 0.4977206885814667, "bart_score_parabank_rs": 0.5966692965947942, "coverage_score": 0.25, "llm_coverage": 0.6, "llm_redundancy": 0.30000000000000004, "runtime": 12.28875}, "(4, 3)": {"bert_score_p": 0.5360659956932068, "bart_score_parabank_rs": 0.6426515358908569, "coverage_score": 0.5, "llm_coverage": 0.875, "llm_redundancy": 0.3857142857142858, "runtime": 20.70638}, "(4, 4)": {"bert_score_p": 0.6038370728492737, "bart_score_parabank_rs": 0.6320966161056207, "coverage_score": 0.75, "llm_coverage": 0.85625, "llm_redundancy": 0.4125, "runtime": 23.1548}, "(4, 5)": {"bert_score_p": 0.5691758394241333, "bart_score_parabank_rs": 0.6302939109518978, "coverage_score": 0.75, "llm_coverage": 0.8375, "llm_redundancy": 0.4111111111111111, "runtime": 25.38484}, "(4, 6)": {"bert_score_p": 0.6073668599128723, "bart_score_parabank_rs": 0.6474019732252185, "coverage_score": 0.5, "llm_coverage": 0.95625, "llm_redundancy": 0.49, "runtime": 28.40193}}, "-1": {"(3, 2)": {"bert_score_p": 0.5316312909126282, "bart_score_parabank_rs": 0.6488846454251802, "coverage_score": 0.4, "llm_coverage": 0.63, "llm_redundancy": 0.2666666666666666, "runtime": 10.35429}, "(3, 3)": {"bert_score_p": 0.5370805859565735, "bart_score_parabank_rs": 0.6904290941060436, "coverage_score": 0.6, "llm_coverage": 0.82, "llm_redundancy": 0.33333333333333337, "runtime": 17.89315}, "(3, 4)": {"bert_score_p": 0.5065523982048035, "bart_score_parabank_rs": 0.6562135909291505, "coverage_score": 0.4, "llm_coverage": 0.86, "llm_redundancy": 0.35, "runtime": 17.31555}, "(3, 5)": {"bert_score_p": 0.5769373178482056, "bart_score_parabank_rs": 0.6995748248535284, "coverage_score": 0.6, "llm_coverage": 0.93, "llm_redundancy": 0.36250000000000004, "runtime": 21.9877}, "(3, 6)": {"bert_score_p": 0.4822165071964264, "bart_score_parabank_rs": 0.6285470701445647, "coverage_score": 0.4, "llm_coverage": 0.74, "llm_redundancy": 0.20000000000000007, "runtime": 8.81477}, "(4, 2)": {"bert_score_p": 0.4822165071964264, "bart_score_parabank_rs": 0.6285473362617019, "coverage_score": 0.4, "llm_coverage": 0.8099999999999999, "llm_redundancy": 0.25, "runtime": 11.38715}, "(4, 3)": {"bert_score_p": 0.5630412101745605, "bart_score_parabank_rs": 0.6885003613218371, "coverage_score": 0.4, "llm_coverage": 0.8800000000000001, "llm_redundancy": 0.4285714285714286, "runtime": 18.618}, "(4, 4)": {"bert_score_p": 0.5329546928405762, "bart_score_parabank_rs": 0.6858255522784752, "coverage_score": 0.4, "llm_coverage": 0.85, "llm_redundancy": 0.4714285714285714, "runtime": 17.83809}, "(4, 5)": {"bert_score_p": 0.5545162558555603, "bart_score_parabank_rs": 0.6626551723620855, "coverage_score": 0.4, "llm_coverage": 0.93, "llm_redundancy": 0.4125, "runtime": 20.07781}, "(4, 6)": {"bert_score_p": 0.4822165071964264, "bart_score_parabank_rs": 0.639230324452953, "coverage_score": 0.4, "llm_coverage": 0.79, "llm_redundancy": 0.25, "runtime": 10.68839}}}, "gayRights": {"1": {"(3, 2)": {"bert_score_p": 0.5280583500862122, "bart_score_parabank_rs": 0.6148241235099517, "coverage_score": 0.2, "llm_coverage": 0.6599999999999999, "llm_redundancy": 0.033333333333333326, "runtime": 11.85187}, "(3, 3)": {"bert_score_p": 0.5280583500862122, "bart_score_parabank_rs": 0.6148241235099517, "coverage_score": 0.2, "llm_coverage": 0.61, "llm_redundancy": 0.1333333333333333, "runtime": 11.51612}, "(3, 4)": {"bert_score_p": 0.525061309337616, "bart_score_parabank_rs": 0.6572765736769035, "coverage_score": 0.4, "llm_coverage": 0.9099999999999999, "llm_redundancy": 0.3285714285714285, "runtime": 25.17311}, "(3, 5)": {"bert_score_p": 0.5934684872627258, "bart_score_parabank_rs": 0.7258481395670818, "coverage_score": 0.4, "llm_coverage": 1.0, "llm_redundancy": 0.4125, "runtime": 29.18104}, "(3, 6)": {"bert_score_p": 0.5700720548629761, "bart_score_parabank_rs": 0.6788142801738888, "coverage_score": 0.6, "llm_coverage": 1.0, "llm_redundancy": 0.38749999999999996, "runtime": 27.55193}, "(4, 2)": {"bert_score_p": 0.5100873708724976, "bart_score_parabank_rs": 0.6352092569827981, "coverage_score": 0.2, "llm_coverage": 0.82, "llm_redundancy": 0.25, "runtime": 14.83358}, "(4, 3)": {"bert_score_p": 0.4873899519443512, "bart_score_parabank_rs": 0.638234716138262, "coverage_score": 0.6, "llm_coverage": 0.97, "llm_redundancy": 0.2666666666666666, "runtime": 20.90615}, "(4, 4)": {"bert_score_p": 0.5251785516738892, "bart_score_parabank_rs": 0.6370576999264074, "coverage_score": 0.4, "llm_coverage": 0.8, "llm_redundancy": 0.25, "runtime": 14.46416}, "(4, 5)": {"bert_score_p": 0.5511330366134644, "bart_score_parabank_rs": 0.6817782173399696, "coverage_score": 0.8, "llm_coverage": 0.99, "llm_redundancy": 0.4285714285714286, "runtime": 23.94818}, "(4, 6)": {"bert_score_p": 0.46999913454055786, "bart_score_parabank_rs": 0.6222992963481658, "coverage_score": 0.4, "llm_coverage": 0.8, "llm_redundancy": 0.17500000000000004, "runtime": 14.40055}}, "-1": {"(3, 2)": {"bert_score_p": 0.4885671138763428, "bart_score_parabank_rs": 0.41393273003342307, "coverage_score": 0.5, "llm_coverage": 0.9, "llm_redundancy": 0.38, "runtime": 8.2796}, "(3, 3)": {"bert_score_p": 0.5243337154388428, "bart_score_parabank_rs": 0.4194761961815153, "coverage_score": 0.25, "llm_coverage": 0.75, "llm_redundancy": 0.2666666666666666, "runtime": 5.4012}, "(3, 4)": {"bert_score_p": 0.5344625115394592, "bart_score_parabank_rs": 0.42838486741143394, "coverage_score": 0.5, "llm_coverage": 0.75, "llm_redundancy": 0.2666666666666666, "runtime": 5.27194}, "(3, 5)": {"bert_score_p": 0.46737682819366455, "bart_score_parabank_rs": 0.41356812080740846, "coverage_score": 0.5, "llm_coverage": 0.7875, "llm_redundancy": 0.1333333333333333, "runtime": 5.36165}, "(3, 6)": {"bert_score_p": 0.5344623327255249, "bart_score_parabank_rs": 0.4251053429770093, "coverage_score": 0.5, "llm_coverage": 0.75, "llm_redundancy": 0.2666666666666666, "runtime": 5.78013}, "(4, 2)": {"bert_score_p": 0.5422630906105042, "bart_score_parabank_rs": 0.4650628925100745, "coverage_score": 0.25, "llm_coverage": 1.0, "llm_redundancy": 0.275, "runtime": 6.65127}, "(4, 3)": {"bert_score_p": 0.47895699739456177, "bart_score_parabank_rs": 0.3926550630665219, "coverage_score": 0.5, "llm_coverage": 0.975, "llm_redundancy": 0.25, "runtime": 6.60239}, "(4, 4)": {"bert_score_p": 0.609185516834259, "bart_score_parabank_rs": 0.464194863366718, "coverage_score": 1.0, "llm_coverage": 0.975, "llm_redundancy": 0.38749999999999996, "runtime": 12.52541}, "(4, 5)": {"bert_score_p": 0.5644432306289673, "bart_score_parabank_rs": 0.44966248310763035, "coverage_score": 0.75, "llm_coverage": 1.0, "llm_redundancy": 0.25, "runtime": 7.10531}, "(4, 6)": {"bert_score_p": 0.4942309856414795, "bart_score_parabank_rs": 0.4266072819121842, "coverage_score": 0.5, "llm_coverage": 0.975, "llm_redundancy": 0.4, "runtime": 8.08463}}}, "marijuana": {"1": {"(3, 2)": {"bert_score_p": 0.30421561002731323, "bart_score_parabank_rs": 0.2860099725149337,